,Date,Open,High,Low,Close,Adj Close,Volume,3days_before_change
0,2015-08-05,13.06,13.31,10.4,10.77,10.77,14096900,
1,2015-08-06,11.0,11.2,8.23,8.77,8.77,3570400,
2,2015-08-07,9.19,10.2,8.77,10.14,10.14,1623800,
3,2015-08-10,10.73,10.73,10.0,10.12,10.12,435900,0.9980276134122287
4,2015-08-11,10.0,10.03,9.5,9.79,9.79,349700,
5,2015-08-12,9.68,10.4,9.653,10.35,10.35,498200,
6,2015-08-13,10.07,10.338,10.05,10.12,10.12,397500,1.0
7,2015-08-14,10.01,10.17,9.73,10.04,10.04,410600,1.0255362614913177
8,2015-08-17,10.04,10.26,9.96,10.13,10.13,346000,1.008964143426295
9,2015-08-18,10.0,10.34,10.0,10.24,10.24,277700,
10,2015-08-19,10.3,11.03,10.173,10.73,10.73,573000,
11,2015-08-20,10.55,10.74,10.0,10.52,10.52,321400,1.0384995064165843
12,2015-08-21,10.2,10.56,9.81,9.9,9.9,394900,0.966796875
13,2015-08-24,9.39,9.39,8.5,9.16,9.16,1052300,0.9252525252525252
14,2015-08-25,9.68,10.21,9.65,9.9,9.9,834000,
15,2015-08-26,10.03,10.8,9.99,10.78,10.78,791000,
16,2015-08-27,10.91,11.14,10.83,11.0,11.0,569400,1.2008733624454149
17,2015-08-28,11.18,11.85,10.95,11.62,11.62,450500,1.1737373737373735
18,2015-08-31,11.86,12.24,11.4,11.88,11.88,617300,1.0223752151462997
19,2015-09-01,11.49,12.0,11.25,11.86,11.86,745700,
20,2015-09-02,12.0,12.15,10.5,11.59,11.59,510100,
21,2015-09-03,11.48,11.9,11.1,11.64,11.64,219800,0.9797979797979798
22,2015-09-04,11.56,11.63,11.03,11.56,11.56,171500,0.9747048903878585
23,2015-09-08,12.0,12.0,10.91,11.55,11.55,709000,
24,2015-09-09,11.75,11.9,11.15,11.39,11.39,334800,
25,2015-09-10,11.44,11.87,11.44,11.69,11.69,368600,
26,2015-09-11,11.5,11.69,11.25,11.5,11.5,427300,0.9956709956709956
27,2015-09-14,11.41,11.51,10.94,11.25,11.25,405500,0.9782608695652174
28,2015-09-15,11.18,11.495,11.0,11.49,11.49,346700,
29,2015-09-16,11.4,11.5,11.0,11.31,11.31,323100,
30,2015-09-17,11.24,11.64,11.24,11.4,11.4,314400,1.0133333333333334
31,2015-09-18,11.3,11.9,11.11,11.58,11.58,1343300,1.0078328981723237
32,2015-09-21,11.69,11.9,11.33,11.74,11.74,299600,1.0138169257340242
33,2015-09-22,11.6,11.9,11.25,11.39,11.39,432000,
34,2015-09-23,11.75,11.75,10.97,11.01,11.01,287000,
35,2015-09-24,10.88,11.0,10.74,10.81,10.81,268600,0.9207836456558773
36,2015-09-25,10.88,11.32,10.79,11.13,11.13,351600,0.9771729587357331
37,2015-09-28,11.04,11.34,10.01,10.06,10.06,590300,0.903863432165319
38,2015-09-29,10.14,10.43,9.53,9.81,9.81,1040800,
39,2015-09-30,9.9,10.74,9.71,10.37,10.37,3454500,
40,2015-10-01,10.38,11.08,9.98,10.3,10.3,491900,1.0238568588469186
41,2015-10-02,10.13,10.69,9.94,10.51,10.51,288300,1.0713557594291538
42,2015-10-05,10.71,10.97,10.51,10.66,10.66,290300,1.0142721217887727
43,2015-10-06,10.65,11.23,10.64,11.05,11.05,337200,
44,2015-10-07,11.08,11.47,10.57,11.19,11.19,448100,
45,2015-10-08,11.29,11.41,11.0,11.39,11.39,137900,1.0684803001876173
46,2015-10-09,11.42,11.6,11.22,11.26,11.26,183600,1.0190045248868778
47,2015-10-12,11.31,11.31,10.75,10.78,10.78,144300,0.9573712255772646
48,2015-10-13,10.67,10.93,10.58,10.69,10.69,156700,
49,2015-10-14,10.65,10.96,10.54,10.74,10.74,196300,
50,2015-10-15,10.85,11.0,10.36,10.6,10.6,265800,0.9833024118738405
51,2015-10-16,10.68,10.7,10.31,10.34,10.34,157900,0.9672591206735267
52,2015-10-19,10.28,10.34,9.65,9.81,9.81,338400,0.9487427466150871
53,2015-10-20,9.81,9.85,9.48,9.5,9.5,219400,
54,2015-10-21,9.5,9.57,8.52,8.94,8.94,597300,
55,2015-10-22,9.03,9.19,8.81,8.9,8.9,605400,0.9072375127420998
56,2015-10-23,8.84,9.34,8.834,9.08,9.08,398500,0.9557894736842105
57,2015-10-26,9.03,9.23,8.9,9.21,9.21,168800,1.0143171806167401
58,2015-10-27,9.13,9.4,8.89,9.04,9.04,260300,
59,2015-10-28,9.05,9.435,9.05,9.42,9.42,208100,
60,2015-10-29,9.22,9.39,8.88,8.91,8.91,214300,0.9674267100977197
61,2015-10-30,8.81,8.83,7.0,7.41,7.41,2015100,0.8196902654867257
62,2015-11-02,7.37,7.58,7.11,7.36,7.36,603200,0.9932523616734144
63,2015-11-03,7.37,7.7,7.19,7.52,7.52,851700,
64,2015-11-04,7.68,7.92,7.5,7.71,7.71,754300,
65,2015-11-05,7.8,8.11,7.72,8.07,8.07,307600,1.096467391304348
66,2015-11-06,8.02,8.1,7.57,7.82,7.82,293600,1.0398936170212767
67,2015-11-09,8.29,8.29,7.55,7.73,7.73,199000,0.9884910485933504
68,2015-11-10,7.67,7.93,7.25,7.27,7.27,394700,
69,2015-11-11,7.24,7.45,6.87,6.99,6.99,536300,
70,2015-11-12,6.99,6.99,6.36,6.58,6.58,505400,0.851228978007762
71,2015-11-13,6.39,7.93,6.39,7.31,7.31,989200,1.0055020632737277
72,2015-11-16,7.4,7.4,6.84,7.0,7.0,624100,0.957592339261286
73,2015-11-17,7.04,7.25,6.51,6.72,6.72,1087700,
74,2015-11-18,6.8,7.01,6.36,6.55,6.55,561600,
75,2015-11-19,6.51,6.784,6.45,6.5,6.5,363900,0.9285714285714286
76,2015-11-20,6.59,6.74,6.51,6.67,6.67,366600,0.9925595238095238
77,2015-11-23,6.62,6.959,6.56,6.6,6.6,384600,0.9895052473763118
78,2015-11-24,6.59,6.82,6.59,6.74,6.74,476400,
79,2015-11-25,6.7,6.84,6.6,6.75,6.75,476000,
80,2015-11-27,6.81,7.41,6.81,7.22,7.22,445700,1.0712166172106825
81,2015-11-30,7.23,7.285,6.61,6.65,6.65,557300,0.9210526315789475
82,2015-12-01,6.7,7.14,6.53,7.05,7.05,351600,
83,2015-12-02,7.05,7.46,6.913,7.39,7.39,620900,
84,2015-12-03,7.52,8.35,7.52,7.95,7.95,1041500,1.1954887218045112
85,2015-12-04,7.95,8.035,7.66,7.85,7.85,436100,1.1134751773049645
86,2015-12-07,7.79,8.37,7.735,7.91,7.91,439800,1.0076433121019108
87,2015-12-08,8.11,8.11,7.625,7.77,7.77,388900,
88,2015-12-09,7.79,8.035,7.548,7.71,7.71,333600,
89,2015-12-10,7.6,7.83,7.56,7.57,7.57,364800,0.9570164348925411
90,2015-12-11,7.46,8.02,7.46,7.86,7.86,450900,1.0115830115830118
91,2015-12-14,7.95,9.38,7.83,9.1,9.1,940800,1.1577608142493638
92,2015-12-15,9.26,11.29,9.16,9.49,9.49,2054200,
93,2015-12-16,11.17,12.17,10.89,11.63,11.63,3501200,
94,2015-12-17,12.85,13.3,11.79,12.71,12.71,3608200,1.3967032967032968
95,2015-12-18,12.45,13.95,11.95,13.74,13.74,3045300,1.4478398314014753
96,2015-12-21,14.15,14.95,13.13,13.4,13.4,3150800,0.975254730713246
97,2015-12-22,13.45,13.65,11.41,11.6,11.6,2507000,
98,2015-12-23,11.95,12.36,11.55,11.88,11.88,1104200,
99,2015-12-24,11.69,12.47,11.6,12.19,12.19,385000,0.9097014925373134
100,2015-12-28,12.11,12.38,11.6,11.67,11.67,637500,
101,2015-12-29,11.79,12.05,11.07,11.7,11.7,626600,
102,2015-12-30,11.65,12.07,11.45,11.72,11.72,317100,
103,2015-12-31,11.76,11.95,11.64,11.77,11.77,319100,1.0085689802913453
104,2016-01-04,11.27,11.49,11.08,11.21,11.21,576800,
105,2016-01-05,10.88,11.0,9.42,9.61,9.61,1947000,
106,2016-01-06,9.27,10.38,9.078,10.2,10.2,3534100,
107,2016-01-07,9.8,9.97,9.16,9.21,9.21,1694700,0.8215878679750224
108,2016-01-08,9.35,9.95,9.25,9.75,9.75,552500,1.0145681581685744
109,2016-01-11,9.65,9.7,9.08,9.31,9.31,577600,0.954871794871795
110,2016-01-12,9.35,9.5,8.4,8.67,8.67,598600,
111,2016-01-13,8.6,8.76,8.032,8.25,8.25,796500,
112,2016-01-14,8.08,8.55,7.78,8.0,8.0,1156400,0.8592910848549946
113,2016-01-15,7.75,7.9,7.26,7.75,7.75,903100,0.8938869665513264
114,2016-01-19,7.83,7.89,7.3,7.4,7.4,743500,
115,2016-01-20,7.25,9.205,6.94,8.54,8.54,1686000,
116,2016-01-21,8.62,9.07,8.455,8.97,8.97,1195800,
117,2016-01-22,9.37,9.7,8.53,8.79,8.79,1037100,1.1878378378378376
118,2016-01-25,8.78,8.85,8.14,8.41,8.41,600000,0.956769055745165
119,2016-01-26,8.48,9.08,8.2,8.73,8.73,712900,
120,2016-01-27,8.65,8.73,8.22,8.34,8.34,579400,
121,2016-01-28,8.43,10.19,8.43,10.05,10.05,1066300,1.1950059453032105
122,2016-01-29,10.15,10.169,9.4,9.52,9.52,859800,1.09049255441008
123,2016-02-01,9.62,9.62,8.63,8.94,8.94,776800,0.9390756302521008
124,2016-02-02,8.83,8.83,8.16,8.34,8.34,534000,
125,2016-02-03,8.44,8.57,7.83,8.1,8.1,435200,
126,2016-02-04,8.2,8.3,7.82,8.05,8.05,520000,0.900447427293065
127,2016-02-05,8.05,8.14,7.774,7.96,7.96,600100,0.9544364508393286
128,2016-02-08,7.87,7.94,7.37,7.6,7.6,538400,0.9547738693467336
129,2016-02-09,7.51,7.58,6.87,7.2,7.2,658700,
130,2016-02-10,6.38,6.79,5.92,6.07,6.07,2068300,
131,2016-02-11,5.6,5.82,4.995,5.08,5.08,1419200,0.668421052631579
132,2016-02-12,5.31,5.52,5.0,5.04,5.04,1302000,0.7
133,2016-02-16,5.06,5.72,4.855,4.96,4.96,1485500,
134,2016-02-17,5.04,5.97,5.02,5.33,5.33,1618400,
135,2016-02-18,5.45,5.935,5.24,5.63,5.63,1167400,
136,2016-02-19,5.57,5.72,5.22,5.41,5.41,954100,1.090725806451613
137,2016-02-22,5.5,5.69,5.03,5.06,5.06,634900,0.9353049907578558
138,2016-02-23,5.08,5.27,4.97,5.16,5.16,694900,
139,2016-02-24,5.09,5.26,4.9,5.06,5.06,644500,
140,2016-02-25,5.08,5.47,5.08,5.3,5.3,463100,1.0474308300395256
141,2016-02-26,5.37,5.65,5.33,5.51,5.51,500200,1.067829457364341
142,2016-02-29,5.59,5.83,5.5,5.62,5.62,671200,1.0199637023593466
143,2016-03-01,5.67,5.85,5.13,5.47,5.47,1059400,
144,2016-03-02,5.49,6.6,5.36,6.1,6.1,1695400,
145,2016-03-03,6.04,6.6,6.0,6.4,6.4,1337900,1.1387900355871887
146,2016-03-04,6.5,6.75,6.12,6.21,6.21,1447300,1.1352833638025595
147,2016-03-07,6.22,6.84,6.2,6.6,6.6,1491100,1.0628019323671498
148,2016-03-08,6.66,6.78,6.53,6.68,6.68,638500,
149,2016-03-09,6.74,6.87,6.25,6.65,6.65,977900,
150,2016-03-10,6.87,7.24,6.7,7.15,7.15,1567600,1.0833333333333335
151,2016-03-11,6.16,6.56,6.01,6.355,6.355,3284400,0.9513473053892216
152,2016-03-14,6.38,6.79,6.15,6.36,6.36,1475100,1.000786782061369
153,2016-03-15,6.26,6.465,6.2,6.31,6.31,742200,
154,2016-03-16,6.23,6.66,6.21,6.63,6.63,582700,
155,2016-03-17,6.65,6.95,6.617,6.895,6.895,603800,1.0841194968553458
156,2016-03-18,6.99,7.08,6.62,6.69,6.69,3078600,1.0602218700475436
157,2016-03-21,6.89,6.89,6.54,6.72,6.72,647500,1.0044843049327354
158,2016-03-22,6.73,6.768,6.5,6.57,6.57,729300,
159,2016-03-23,6.51,6.59,6.18,6.36,6.36,1044500,
160,2016-03-24,6.13,6.33,6.0,6.24,6.24,828300,0.9285714285714286
161,2016-03-28,6.31,6.51,6.21,6.47,6.47,717800,
162,2016-03-29,6.41,6.55,6.24,6.4,6.4,839500,
163,2016-03-30,6.42,6.6,6.42,6.47,6.47,872000,
164,2016-03-31,6.48,6.54,6.25,6.48,6.48,702400,1.001545595054096
165,2016-04-01,6.37,6.53,6.29,6.44,6.44,546700,1.00625
166,2016-04-04,6.47,6.53,6.28,6.3,6.3,816300,0.9782608695652173
167,2016-04-05,6.3,6.6,6.19,6.57,6.57,882600,
168,2016-04-06,6.6,7.0,6.565,6.965,6.965,820300,
169,2016-04-07,6.97,7.18,6.63,6.78,6.78,835000,1.0761904761904764
170,2016-04-08,6.9,6.98,6.66,6.75,6.75,997700,1.0273972602739725
171,2016-04-11,6.69,6.89,6.65,6.74,6.74,711700,0.9985185185185186
172,2016-04-12,6.72,6.885,6.655,6.74,6.74,365500,
173,2016-04-13,6.68,6.9,6.68,6.87,6.87,325900,
174,2016-04-14,6.83,7.367,6.83,7.15,7.15,645400,1.0608308605341246
175,2016-04-15,7.1,7.27,6.97,7.04,7.04,411600,1.0445103857566764
176,2016-04-18,6.99,7.18,6.87,7.09,7.09,946100,1.0071022727272727
177,2016-04-19,7.15,7.23,6.99,7.02,7.02,1297200,
178,2016-04-20,6.99,7.38,6.96,7.27,7.27,668600,
179,2016-04-21,7.3,7.9,7.26,7.76,7.76,984700,1.0944992947813823
180,2016-04-22,7.82,8.04,7.71,7.91,7.91,1106300,1.1267806267806268
181,2016-04-25,7.9,8.02,7.55,7.6,7.6,444900,0.9608091024020227
182,2016-04-26,7.56,7.76,7.4,7.7,7.7,321400,
183,2016-04-27,7.72,8.41,7.605,8.39,8.39,825600,
184,2016-04-28,8.25,8.45,7.965,8.02,8.02,704900,1.055263157894737
185,2016-04-29,8.02,8.02,7.689,7.88,7.88,473300,1.0233766233766233
186,2016-05-02,7.83,8.08,7.49,7.97,7.97,1208100,1.0114213197969544
187,2016-05-03,7.93,8.08,7.531,7.59,7.59,580600,
188,2016-05-04,7.64,7.91,7.44,7.47,7.47,1051100,
189,2016-05-05,7.52,7.77,7.21,7.27,7.27,1170100,0.9121706398996235
190,2016-05-06,7.25,7.54,7.19,7.5,7.5,498500,0.9881422924901186
191,2016-05-09,7.52,7.55,7.16,7.39,7.39,611200,0.9853333333333333
192,2016-05-10,7.07,7.2,6.3,6.37,6.37,1710800,
193,2016-05-11,6.36,6.65,6.35,6.37,6.37,682500,
194,2016-05-12,6.39,6.53,6.09,6.15,6.15,664400,0.8322056833558864
195,2016-05-13,7.17,7.17,6.4,6.61,6.61,3046200,1.0376766091051806
196,2016-05-16,6.34,6.46,5.89,6.35,6.35,3101700,0.9606656580937972
197,2016-05-17,6.1,6.34,5.8,6.02,6.02,3680400,
198,2016-05-18,5.98,6.18,5.83,6.04,6.04,1458700,
199,2016-05-19,6.0,6.15,5.92,6.08,6.08,950900,0.95748031496063
200,2016-05-20,6.07,6.15,5.98,6.11,6.11,795000,1.014950166112957
201,2016-05-23,6.06,6.45,6.0,6.35,6.35,930900,1.039279869067103
202,2016-05-24,6.39,6.49,6.22,6.34,6.34,668100,
203,2016-05-25,6.34,6.37,6.23,6.29,6.29,863900,
204,2016-05-26,6.3,6.44,6.26,6.36,6.36,386200,1.0015748031496063
205,2016-05-27,6.41,6.68,6.302,6.41,6.41,1339500,1.0110410094637226
206,2016-05-31,6.37,6.6,6.22,6.34,6.34,1146900,
207,2016-06-01,6.29,6.29,6.15,6.24,6.24,580400,
208,2016-06-02,6.23,6.31,6.15,6.31,6.31,388800,
209,2016-06-03,6.3,6.31,6.02,6.07,6.07,568400,0.9574132492113565
210,2016-06-06,6.1,6.535,6.1,6.44,6.44,775700,1.0609555189456343
211,2016-06-07,6.38,6.46,6.25,6.43,6.43,816700,
212,2016-06-08,6.47,6.59,6.44,6.52,6.52,743800,
213,2016-06-09,6.49,6.59,6.39,6.43,6.43,405900,0.998447204968944
214,2016-06-10,6.4,6.51,6.24,6.3,6.3,831100,0.9797822706065319
215,2016-06-13,6.26,6.41,5.915,6.06,6.06,1096300,0.9619047619047618
216,2016-06-14,5.93,6.19,5.86,5.91,5.91,1169200,
217,2016-06-15,5.88,6.25,5.83,6.01,6.01,608200,
218,2016-06-16,5.97,6.11,5.9,6.03,6.03,637500,0.9950495049504952
219,2016-06-17,6.06,6.34,5.98,6.02,6.02,1084000,1.018612521150592
220,2016-06-20,6.0,6.33,6.0,6.18,6.18,643400,1.026578073089701
221,2016-06-21,6.3,6.3,6.02,6.23,6.23,758700,
222,2016-06-22,6.34,6.38,5.83,5.9,5.9,984300,
223,2016-06-23,5.88,6.06,5.72,5.89,5.89,1192000,0.9530744336569579
224,2016-06-24,5.6,5.73,5.27,5.59,5.59,5804200,0.8972712680577848
225,2016-06-27,5.53,5.59,5.11,5.22,5.22,1572400,0.9338103756708408
226,2016-06-28,5.28,5.5,5.24,5.49,5.49,869800,
227,2016-06-29,5.54,5.67,5.43,5.65,5.65,708200,
228,2016-06-30,5.65,5.95,5.622,5.93,5.93,717100,1.1360153256704981
229,2016-07-01,5.88,5.88,5.16,5.44,5.44,1900400,0.9908925318761385
230,2016-07-05,5.4,5.435,5.07,5.14,5.14,763500,
231,2016-07-06,5.09,5.17,4.94,5.1,5.1,948500,
232,2016-07-07,5.13,5.3,5.01,5.14,5.14,786200,
233,2016-07-08,5.19,5.24,5.06,5.08,5.08,527600,0.9883268482490273
234,2016-07-11,5.11,5.2,4.9,5.09,5.09,844600,1.0019685039370079
235,2016-07-12,5.17,5.28,4.99,5.25,5.25,956800,
236,2016-07-13,5.25,5.29,5.05,5.12,5.12,616700,
237,2016-07-14,5.18,5.205,5.063,5.13,5.13,681800,1.0078585461689586
238,2016-07-15,5.17,5.2,4.97,5.07,5.07,807700,0.9657142857142857
239,2016-07-18,5.08,5.27,4.99,5.21,5.21,682800,1.0276134122287968
240,2016-07-19,5.21,5.3,5.07,5.15,5.15,472800,
241,2016-07-20,5.16,5.3,5.15,5.27,5.27,639700,
242,2016-07-21,5.23,5.32,5.084,5.12,5.12,565600,0.9827255278310941
243,2016-07-22,5.12,5.15,5.05,5.13,5.13,328200,0.9961165048543689
244,2016-07-25,5.14,5.19,5.08,5.08,5.08,384400,0.9902534113060429
245,2016-07-26,5.05,5.24,5.05,5.08,5.08,843700,
246,2016-07-27,5.06,5.275,5.06,5.26,5.26,768600,
247,2016-07-28,5.21,5.25,5.08,5.11,5.11,605400,1.0059055118110236
248,2016-07-29,5.09,5.21,5.0,5.18,5.18,885200,1.0196850393700787
249,2016-08-01,5.18,5.18,5.0,5.07,5.07,1041600,0.9787644787644789
250,2016-08-02,5.1,5.15,4.97,5.0,5.0,801200,
251,2016-08-03,4.98,5.065,4.92,4.94,4.94,815000,
252,2016-08-04,4.95,5.03,4.9,4.96,4.96,855600,0.9783037475345167
253,2016-08-05,4.92,5.205,4.9,5.19,5.19,785800,1.038
254,2016-08-08,5.23,5.58,5.23,5.56,5.56,1020300,1.0712909441233138
255,2016-08-09,5.57,5.69,5.45,5.5,5.5,663000,
256,2016-08-10,5.46,5.47,5.19,5.22,5.22,887200,
257,2016-08-11,5.28,5.48,5.15,5.41,5.41,1751400,0.973021582733813
258,2016-08-12,6.39,6.9,5.98,6.23,6.23,7569100,1.1327272727272728
259,2016-08-15,6.21,6.28,5.93,6.21,6.21,1978500,0.9967897271268057
260,2016-08-16,6.2,6.2,5.91,6.09,6.09,1956600,
261,2016-08-17,6.09,6.09,5.83,5.95,5.95,1185200,
262,2016-08-18,6.03,6.18,5.96,6.03,6.03,949200,0.9710144927536233
263,2016-08-19,6.03,6.04,5.95,5.98,5.98,647500,0.9819376026272579
264,2016-08-22,5.93,6.02,5.86,6.0,6.0,425200,1.0033444816053512
265,2016-08-23,6.01,6.125,5.95,6.1,6.1,737100,
266,2016-08-24,6.11,6.17,5.99,5.99,5.99,603300,
267,2016-08-25,5.99,6.08,5.91,6.0,6.0,832900,1.0
268,2016-08-26,5.99,6.18,5.9,5.95,5.95,747400,0.9754098360655739
269,2016-08-29,5.97,6.095,5.94,6.0,6.0,514100,1.0084033613445378
270,2016-08-30,6.0,6.15,5.99,6.01,6.01,497400,
271,2016-08-31,6.03,6.09,5.95,6.08,6.08,682800,
272,2016-09-01,6.1,6.15,5.91,6.06,6.06,676400,1.01
273,2016-09-02,6.1,6.18,6.03,6.12,6.12,537300,1.0183028286189684
274,2016-09-06,6.11,6.23,6.06,6.22,6.22,945400,
275,2016-09-07,6.19,6.23,6.07,6.11,6.11,766500,
276,2016-09-08,6.3,6.3,6.12,6.19,6.19,964500,
277,2016-09-09,6.13,6.19,5.975,6.06,6.06,898300,0.9742765273311896
278,2016-09-12,6.02,6.2,5.95,6.1,6.1,581400,1.0066006600660067
279,2016-09-13,6.02,6.02,5.54,5.66,5.66,1669800,
280,2016-09-14,5.62,5.83,5.475,5.54,5.54,1521300,
281,2016-09-15,5.56,5.63,5.41,5.52,5.52,1289100,0.9049180327868852
282,2016-09-16,5.47,5.575,5.25,5.38,5.38,2725000,0.950530035335689
283,2016-09-19,5.38,5.48,5.35,5.42,5.42,733300,1.0074349442379182
284,2016-09-20,5.46,5.5,5.281,5.45,5.45,877600,
285,2016-09-21,5.47,5.69,5.45,5.57,5.57,1109300,
286,2016-09-22,5.6,5.75,5.52,5.75,5.75,996100,1.0608856088560885
287,2016-09-23,5.79,5.95,5.775,5.92,5.92,892100,1.0862385321100918
288,2016-09-26,5.92,6.1,5.865,6.03,6.03,982500,1.0185810810810811
289,2016-09-27,6.01,6.16,5.99,6.16,6.16,1020800,
290,2016-09-28,6.23,6.29,6.08,6.23,6.23,958700,
291,2016-09-29,6.25,6.35,6.13,6.24,6.24,1023600,1.0348258706467661
292,2016-09-30,6.29,6.34,6.15,6.3,6.3,1731400,1.0227272727272727
293,2016-10-03,6.31,6.38,6.05,6.17,6.17,994900,0.9793650793650793
294,2016-10-04,6.21,6.24,5.9,5.91,5.91,1015300,
295,2016-10-05,5.92,6.28,5.9,6.26,6.26,917600,
296,2016-10-06,6.35,6.4,6.06,6.12,6.12,687000,0.9918962722852512
297,2016-10-07,6.47,6.75,6.26,6.49,6.49,4809600,1.0981387478849407
298,2016-10-10,6.55,7.09,6.51,6.91,6.91,2904400,1.0647149460708782
299,2016-10-11,7.0,7.34,6.84,7.02,7.02,2300500,
300,2016-10-12,7.01,7.23,6.735,6.81,6.81,1415300,
301,2016-10-13,6.75,6.798,6.46,6.54,6.54,1602900,0.9464544138929089
302,2016-10-14,6.6,6.67,6.36,6.38,6.38,1378500,0.9088319088319089
303,2016-10-17,6.36,6.555,6.33,6.42,6.42,908000,1.006269592476489
304,2016-10-18,6.5,6.64,6.4,6.53,6.53,824100,
305,2016-10-19,6.57,6.783,6.51,6.65,6.65,743400,
306,2016-10-20,6.64,6.74,6.52,6.67,6.67,704900,1.0389408099688473
307,2016-10-21,6.62,6.68,6.19,6.27,6.27,2502900,0.9601837672281776
308,2016-10-24,6.29,6.341,6.01,6.08,6.08,1243000,0.9696969696969697
309,2016-10-25,6.07,6.15,5.96,5.98,5.98,804400,
310,2016-10-26,5.95,5.996,5.53,5.53,5.53,2002600,
311,2016-10-27,5.65,5.708,5.35,5.37,5.37,1623200,0.8832236842105263
312,2016-10-28,5.36,5.53,5.12,5.18,5.18,1056600,0.866220735785953
313,2016-10-31,5.18,5.3,5.03,5.21,5.21,1421300,1.005791505791506
314,2016-11-01,5.2,5.3,4.85,4.86,4.86,2180500,
315,2016-11-02,4.87,4.906,4.59,4.63,4.63,1768500,
316,2016-11-03,4.84,4.84,4.57,4.65,4.65,1738500,0.8925143953934742
317,2016-11-04,4.64,4.9,4.61,4.71,4.71,1793200,0.9691358024691358
318,2016-11-07,4.93,5.04,4.86,4.92,4.92,1454600,1.0445859872611465
319,2016-11-08,5.02,5.09,4.883,4.99,4.99,1420800,
320,2016-11-09,4.18,4.85,4.15,4.79,4.79,2527600,
321,2016-11-10,4.49,4.775,4.44,4.71,4.71,1542700,0.9573170731707317
322,2016-11-11,5.21,5.5,4.96,5.11,5.11,4071400,1.0240480961923848
323,2016-11-14,5.12,5.19,4.93,4.98,4.98,1926100,0.9745596868884541
324,2016-11-15,5.01,5.083,4.76,4.91,4.91,1608300,
325,2016-11-16,4.84,4.86,4.71,4.85,4.85,1205800,
326,2016-11-17,4.82,4.85,4.71,4.8,4.8,987100,0.9638554216867469
327,2016-11-18,4.83,5.02,4.83,4.98,4.98,1175600,1.014256619144603
328,2016-11-21,5.06,5.1,4.76,4.82,4.82,1478300,0.967871485943775
329,2016-11-22,5.02,5.18,4.89,5.05,5.05,1815700,
330,2016-11-23,5.02,5.3,4.98,5.28,5.28,1293500,
331,2016-11-25,5.33,5.42,5.18,5.34,5.34,650200,1.0574257425742575
332,2016-11-28,5.41,5.6,5.3,5.38,5.38,1473300,1.0074906367041199
333,2016-11-29,5.38,5.445,4.96,4.99,4.99,1661000,
334,2016-11-30,5.09,5.29,5.06,5.1,5.1,1020900,
335,2016-12-01,5.13,5.23,4.89,5.0,5.0,1059900,0.929368029739777
336,2016-12-02,5.05,5.12,4.95,5.09,5.09,1256000,1.0200400801603207
337,2016-12-05,5.1,5.33,5.08,5.32,5.32,1359000,1.0451866404715129
338,2016-12-06,5.33,5.47,5.24,5.46,5.46,984700,
339,2016-12-07,5.47,5.7,5.431,5.58,5.58,1628000,
340,2016-12-08,5.62,5.79,5.58,5.65,5.65,1523100,1.0620300751879699
341,2016-12-09,5.69,5.86,5.65,5.85,5.85,1345900,1.0714285714285714
342,2016-12-12,5.87,5.95,5.61,5.65,5.65,1647900,0.9658119658119659
343,2016-12-13,5.69,5.7,5.25,5.37,5.37,1717500,
344,2016-12-14,5.39,5.41,5.17,5.24,5.24,1011800,
345,2016-12-15,5.23,5.39,5.19,5.32,5.32,602300,0.9415929203539823
346,2016-12-16,5.35,5.62,5.33,5.59,5.59,1319500,1.0409683426443201
347,2016-12-19,5.58,5.84,5.52,5.8,5.8,874500,1.037567084078712
348,2016-12-20,5.8,5.89,5.47,5.55,5.55,951200,
349,2016-12-21,5.56,5.74,5.5,5.53,5.53,748400,
350,2016-12-22,5.54,5.54,5.35,5.44,5.44,549600,0.9379310344827587
351,2016-12-23,5.41,5.423,5.22,5.23,5.23,996500,0.9423423423423425
352,2016-12-27,5.23,5.62,5.205,5.61,5.61,1091100,
353,2016-12-28,5.64,5.68,5.38,5.44,5.44,1035400,
354,2016-12-29,5.43,5.58,5.31,5.33,5.33,958500,
355,2016-12-30,5.31,5.365,5.25,5.31,5.31,700200,0.9465240641711229
356,2017-01-03,5.39,5.6,5.36,5.59,5.59,1091200,
357,2017-01-04,5.6,5.85,5.57,5.82,5.82,1506000,
358,2017-01-05,5.82,5.85,5.71,5.81,5.81,771900,
359,2017-01-06,5.82,5.88,5.64,5.8,5.8,542200,1.037567084078712
360,2017-01-09,5.77,5.85,5.62,5.67,5.67,717100,0.9775862068965517
361,2017-01-10,5.86,6.01,5.74,6.0,6.0,1072700,
362,2017-01-11,6.01,6.5,5.93,6.4,6.4,2407500,
363,2017-01-12,6.35,6.35,6.04,6.17,6.17,1160200,1.088183421516755
364,2017-01-13,6.18,6.37,6.15,6.25,6.25,943600,1.0416666666666667
365,2017-01-17,6.22,6.36,6.14,6.16,6.16,877600,
366,2017-01-18,6.16,6.25,6.08,6.1,6.1,646400,
367,2017-01-19,6.12,6.17,5.78,5.81,5.81,1376900,
368,2017-01-20,5.81,5.89,5.75,5.88,5.88,447100,0.9545454545454545
369,2017-01-23,5.88,5.88,5.5,5.59,5.59,1198200,0.9506802721088435
370,2017-01-24,5.6,5.7,5.5,5.65,5.65,628300,
371,2017-01-25,5.7,5.88,5.7,5.75,5.75,768000,
372,2017-01-26,5.77,5.88,5.65,5.7,5.7,504100,1.0196779964221825
373,2017-01-27,5.72,5.78,5.5,5.55,5.55,994600,0.9823008849557521
374,2017-01-30,5.51,5.52,5.21,5.25,5.25,1095000,0.9459459459459459
375,2017-01-31,5.22,5.3,5.11,5.29,5.29,907900,
376,2017-02-01,5.26,5.58,5.26,5.57,5.57,954300,
377,2017-02-02,5.53,5.589,5.45,5.51,5.51,582800,1.0495238095238095
378,2017-02-03,5.52,5.66,5.5,5.66,5.66,712100,1.0699432892249527
379,2017-02-06,5.61,5.61,5.48,5.57,5.57,479400,0.9840989399293286
380,2017-02-07,5.57,5.63,5.5,5.59,5.59,333700,
381,2017-02-08,5.57,5.79,5.53,5.74,5.74,739200,
382,2017-02-09,5.76,5.78,5.7,5.73,5.73,621900,1.0287253141831239
383,2017-02-10,5.79,6.08,5.75,5.99,5.99,1384800,1.071556350626118
384,2017-02-13,6.03,6.15,6.01,6.06,6.06,627100,1.011686143572621
385,2017-02-14,6.04,6.06,5.9,6.04,6.04,843900,
386,2017-02-15,6.02,6.18,5.96,6.17,6.17,907500,
387,2017-02-16,6.15,6.15,5.93,6.04,6.04,841300,0.9966996699669968
388,2017-02-17,6.05,6.06,5.85,5.96,5.96,1318600,0.9867549668874173
389,2017-02-21,6.0,6.14,5.93,6.02,6.02,1624400,
390,2017-02-22,6.0,6.0,5.72,5.83,5.83,1211600,
391,2017-02-23,5.84,5.98,5.81,5.91,5.91,754200,
392,2017-02-24,5.85,5.95,5.81,5.85,5.85,559900,0.9717607973421927
393,2017-02-27,5.85,5.95,5.806,5.92,5.92,1003600,1.011965811965812
394,2017-02-28,5.9,5.92,5.67,5.69,5.69,761300,
395,2017-03-01,5.75,5.8,5.51,5.62,5.62,1451000,
396,2017-03-02,5.6,5.7,5.45,5.48,5.48,1023100,0.9256756756756758
397,2017-03-03,5.5,5.63,5.4,5.41,5.41,1000100,0.9507908611599296
398,2017-03-06,5.41,5.41,5.21,5.25,5.25,1394400,0.9704251386321626
399,2017-03-07,5.3,5.351,5.19,5.27,5.27,1360000,
400,2017-03-08,5.4,5.47,5.16,5.24,5.24,2574500,
401,2017-03-09,5.02,5.49,5.0,5.24,5.24,3285500,0.9980952380952381
402,2017-03-10,5.3,5.3,5.04,5.06,5.06,1860700,0.9601518026565465
403,2017-03-13,5.06,5.07,4.92,4.96,4.96,1408300,0.9802371541501977
404,2017-03-14,4.93,4.948,4.79,4.89,4.89,1145200,
405,2017-03-15,4.9,5.01,4.85,5.0,5.0,892200,
406,2017-03-16,5.01,5.18,4.98,5.1,5.1,1019600,1.0282258064516128
407,2017-03-17,5.1,5.11,4.92,4.95,4.95,1597000,1.012269938650307
408,2017-03-20,4.93,4.95,4.82,4.9,4.9,885300,0.98989898989899
409,2017-03-21,4.92,4.99,4.8,4.8,4.8,963300,
410,2017-03-22,5.05,5.1,4.85,4.98,4.98,1730800,
411,2017-03-23,4.98,5.04,4.82,4.84,4.84,882400,0.9877551020408162
412,2017-03-24,4.85,4.99,4.82,4.91,4.91,937400,1.0229166666666667
413,2017-03-27,4.88,4.98,4.86,4.94,4.94,811200,1.0061099796334012
414,2017-03-28,4.91,5.09,4.91,5.08,5.08,817100,
415,2017-03-29,5.06,5.295,5.04,5.26,5.26,747900,
416,2017-03-30,5.27,5.295,5.15,5.22,5.22,737800,1.0566801619433197
417,2017-03-31,5.23,5.43,5.23,5.4,5.4,1252100,1.062992125984252
418,2017-04-03,5.37,5.37,5.17,5.28,5.28,855600,0.9777777777777777
419,2017-04-04,5.25,5.3,5.18,5.22,5.22,971000,
420,2017-04-05,5.27,5.345,5.01,5.03,5.03,784700,
421,2017-04-06,5.02,5.18,4.95,5.18,5.18,976800,0.981060606060606
422,2017-04-07,5.16,5.34,5.04,5.34,5.34,824000,1.0229885057471264
423,2017-04-10,5.31,5.62,5.21,5.54,5.54,1241400,1.0374531835205993
424,2017-04-11,5.6,5.61,5.28,5.46,5.46,1145200,
425,2017-04-12,5.44,5.47,5.3,5.33,5.33,812400,
426,2017-04-13,5.32,5.39,5.18,5.23,5.23,712000,0.9440433212996391
427,2017-04-17,5.24,5.33,5.205,5.3,5.3,670600,
428,2017-04-18,5.25,5.25,5.07,5.19,5.19,1132300,
429,2017-04-19,5.2,5.39,5.12,5.16,5.16,845200,
430,2017-04-20,5.18,5.259,5.11,5.12,5.12,523500,0.9660377358490566
431,2017-04-21,5.11,5.18,5.08,5.12,5.12,558200,0.9865125240847784
432,2017-04-24,5.21,5.31,5.15,5.27,5.27,748500,1.029296875
433,2017-04-25,5.33,5.48,5.265,5.42,5.42,1238400,
434,2017-04-26,5.41,5.495,5.31,5.32,5.32,725100,
435,2017-04-27,5.31,5.39,5.17,5.33,5.33,784300,1.0113851992409868
436,2017-04-28,5.34,5.39,5.265,5.29,5.29,482200,0.9760147601476015
437,2017-05-01,5.28,5.393,5.22,5.38,5.38,854700,1.0170132325141776
438,2017-05-02,5.36,5.43,5.19,5.21,5.21,920800,
439,2017-05-03,5.15,5.21,4.72,4.75,4.75,3389000,
440,2017-05-04,5.0,5.025,4.59,4.71,4.71,1941100,0.8754646840148699
441,2017-05-05,4.64,4.88,4.6,4.86,4.86,1158200,0.9328214971209213
442,2017-05-08,4.81,4.95,4.81,4.92,4.92,657100,1.0123456790123455
443,2017-05-09,4.92,4.96,4.84,4.9,4.9,754800,
444,2017-05-10,4.88,5.15,4.85,5.09,5.09,1416700,
445,2017-05-11,5.12,5.21,4.86,5.0,5.0,1871800,1.016260162601626
446,2017-05-12,4.96,5.01,4.81,4.87,4.87,1104900,0.9938775510204081
447,2017-05-15,4.91,5.08,4.87,4.905,4.905,857200,1.0071868583162218
448,2017-05-16,4.9,4.96,4.84,4.9,4.9,653700,
449,2017-05-17,4.81,4.92,4.76,4.81,4.81,1032400,
450,2017-05-18,4.79,4.91,4.73,4.9,4.9,773200,0.998980632008155
451,2017-05-19,4.91,5.1,4.88,5.05,5.05,1201000,1.030612244897959
452,2017-05-22,4.88,5.0,4.83,4.9,4.9,1180300,0.9702970297029704
453,2017-05-23,4.91,5.01,4.79,4.89,4.89,975700,
454,2017-05-24,4.89,5.035,4.846,4.92,4.92,968200,
455,2017-05-25,4.95,4.97,4.8,4.91,4.91,1251300,1.0020408163265306
456,2017-05-26,4.89,4.99,4.882,4.94,4.94,716800,1.0102249488752557
457,2017-05-30,4.97,5.092,4.85,5.02,5.02,1406100,
458,2017-05-31,5.01,5.105,4.87,5.04,5.04,1053000,
459,2017-06-01,5.05,5.17,4.99,5.13,5.13,979800,
460,2017-06-02,5.15,5.23,5.12,5.12,5.12,705300,1.0199203187250998
461,2017-06-05,5.1,5.13,4.96,5.0,5.0,553500,0.9765625
462,2017-06-06,4.95,5.1,4.91,5.02,5.02,899200,
463,2017-06-07,5.02,5.06,4.86,4.93,4.93,983900,
464,2017-06-08,4.93,5.4,4.89,5.34,5.34,2161000,1.068
465,2017-06-09,5.36,5.5,5.34,5.41,5.41,1038000,1.0776892430278886
466,2017-06-12,5.4,5.56,5.33,5.44,5.44,827400,1.0055452865064696
467,2017-06-13,5.46,5.555,5.425,5.48,5.48,811100,
468,2017-06-14,5.5,5.52,5.34,5.49,5.49,628000,
469,2017-06-15,5.38,5.59,5.38,5.52,5.52,626600,1.0147058823529411
470,2017-06-16,5.48,5.75,5.47,5.74,5.74,1494600,1.0474452554744524
471,2017-06-19,5.76,5.91,5.7,5.85,5.85,971200,1.019163763066202
472,2017-06-20,5.99,6.5,5.93,6.36,6.36,3838900,
473,2017-06-21,6.26,6.59,6.19,6.52,6.52,2486100,
474,2017-06-22,6.54,6.71,6.47,6.65,6.65,2013800,1.136752136752137
475,2017-06-23,6.61,6.785,6.5,6.75,6.75,4004100,1.0613207547169812
476,2017-06-26,6.76,7.0,6.74,6.83,6.83,1734700,1.0118518518518518
477,2017-06-27,6.79,7.0,6.771,6.89,6.89,1456800,
478,2017-06-28,6.96,7.22,6.86,7.1,7.1,1891500,
479,2017-06-29,7.12,7.32,7.09,7.27,7.27,1898100,1.0644216691068813
480,2017-06-30,7.27,7.35,7.07,7.12,7.12,1663700,1.0333817126269957
481,2017-07-03,7.12,7.3,7.06,7.24,7.24,834800,1.0168539325842696
482,2017-07-05,7.21,7.24,6.5,6.8,6.8,1860400,
483,2017-07-06,6.77,7.0,6.61,6.75,6.75,752300,0.9323204419889503
484,2017-07-07,6.73,6.83,6.65,6.79,6.79,777100,
485,2017-07-10,6.81,7.0,6.81,6.89,6.89,727900,1.0147275405007363
486,2017-07-11,6.9,6.99,6.831,6.87,6.87,831100,
487,2017-07-12,6.91,7.07,6.86,7.06,7.06,1113100,
488,2017-07-13,7.08,7.18,6.95,6.99,6.99,1023200,1.0145137880986939
489,2017-07-14,7.0,7.16,6.99,7.07,7.07,835500,1.0291120815138282
490,2017-07-17,7.05,7.135,6.98,7.01,7.01,466400,0.9915134370579914
491,2017-07-18,7.0,7.2,6.895,7.14,7.14,1127300,
492,2017-07-19,7.14,7.305,7.135,7.27,7.27,988000,
493,2017-07-20,7.31,7.321,7.14,7.25,7.25,709000,1.0342368045649073
494,2017-07-21,7.28,7.34,7.14,7.29,7.29,792800,1.0210084033613447
495,2017-07-24,7.35,7.59,7.32,7.56,7.56,1374800,1.037037037037037
496,2017-07-25,7.59,7.64,7.35,7.35,7.35,1002600,
497,2017-07-26,7.35,7.48,7.25,7.3,7.3,819300,
498,2017-07-27,7.3,7.54,7.26,7.37,7.37,1294100,0.9748677248677249
499,2017-07-28,7.42,7.5,7.3,7.48,7.48,1014700,1.017687074829932
500,2017-07-31,7.46,7.56,7.29,7.53,7.53,780300,1.0066844919786095
501,2017-08-01,7.53,7.55,7.355,7.44,7.44,629800,
502,2017-08-02,7.4,7.4,6.95,7.19,7.19,962100,
503,2017-08-03,7.25,7.385,7.195,7.24,7.24,745100,0.9614873837981408
504,2017-08-04,7.28,7.37,7.22,7.27,7.27,578500,0.9771505376344085
505,2017-08-07,7.25,7.48,7.24,7.42,7.42,1052200,1.0206327372764787
506,2017-08-08,6.9,7.3,6.5,7.05,7.05,2944500,
507,2017-08-09,6.95,6.96,6.75,6.84,6.84,1254100,
508,2017-08-10,6.8,6.86,6.52,6.69,6.69,1469300,0.9016172506738545
509,2017-08-11,6.65,6.84,6.6,6.82,6.82,614900,0.9673758865248228
510,2017-08-14,6.85,7.1,6.82,6.96,6.96,591900,1.0205278592375366
511,2017-08-15,6.97,7.07,6.87,6.94,6.94,605800,
512,2017-08-16,6.92,7.08,6.79,6.84,6.84,490100,
513,2017-08-17,6.8,6.94,6.64,6.65,6.65,591400,0.9554597701149425
514,2017-08-18,6.6,6.9,6.51,6.85,6.85,840600,0.9870317002881843
515,2017-08-21,6.83,6.89,6.7,6.7,6.7,343800,0.9781021897810219
516,2017-08-22,6.73,6.855,6.68,6.71,6.71,377400,
517,2017-08-23,6.68,6.99,6.6,6.94,6.94,1064200,
518,2017-08-24,7.23,7.78,7.1,7.59,7.59,3045400,1.1328358208955223
519,2017-08-25,7.47,7.55,6.83,6.91,6.91,2386400,1.0298062593144561
520,2017-08-28,6.94,7.03,6.82,6.93,6.93,832900,1.0028943560057886
521,2017-08-29,6.87,6.91,6.685,6.83,6.83,799300,
522,2017-08-30,6.8,6.908,6.71,6.78,6.78,662700,
523,2017-08-31,6.81,6.86,6.64,6.7,6.7,1009300,0.9668109668109669
524,2017-09-01,6.71,6.79,6.52,6.77,6.77,764600,0.9912152269399707
525,2017-09-05,6.75,6.94,6.72,6.92,6.92,1106100,
526,2017-09-06,6.92,7.17,6.854,7.07,7.07,936200,
527,2017-09-07,7.09,7.21,7.04,7.15,7.15,836400,
528,2017-09-08,7.15,7.2,6.98,7.04,7.04,1009000,1.0173410404624277
529,2017-09-11,7.0,7.08,6.73,6.92,6.92,729300,0.9829545454545454
530,2017-09-12,6.92,7.02,6.85,6.94,6.94,610700,
531,2017-09-13,6.92,6.95,6.83,6.83,6.83,511500,
532,2017-09-14,6.82,6.94,6.785,6.86,6.86,550100,0.9913294797687862
533,2017-09-15,6.88,6.92,6.625,6.72,6.72,1590700,0.9682997118155618
534,2017-09-18,6.75,6.8,6.44,6.44,6.44,1486300,0.9583333333333335
535,2017-09-19,6.42,6.43,6.015,6.05,6.05,2541900,
536,2017-09-20,6.09,6.24,6.0,6.02,6.02,1348300,
537,2017-09-21,5.99,6.04,4.21,5.47,5.47,3131300,0.8493788819875775
538,2017-09-22,5.46,5.81,5.1,5.59,5.59,2865600,0.9239669421487603
539,2017-09-25,5.6,5.614,5.129,5.19,5.19,1728700,0.928443649373882
540,2017-09-26,5.17,5.54,5.16,5.4,5.4,1381800,
541,2017-09-27,5.4,5.71,5.39,5.63,5.63,1128100,
542,2017-09-28,5.6,5.61,5.4,5.53,5.53,1115100,1.0655105973025047
543,2017-09-29,5.51,5.69,5.47,5.55,5.55,708000,1.0277777777777777
544,2017-10-02,5.49,5.565,5.41,5.53,5.53,766500,0.9963963963963964
545,2017-10-03,5.56,5.66,5.52,5.65,5.65,729300,
546,2017-10-04,5.64,5.72,5.54,5.63,5.63,664600,
547,2017-10-05,5.62,5.72,5.49,5.54,5.54,698800,1.0018083182640145
548,2017-10-06,5.5,5.66,5.5,5.58,5.58,404000,0.9876106194690265
549,2017-10-09,5.58,5.68,5.43,5.43,5.43,495500,0.9731182795698924
550,2017-10-10,5.48,5.58,5.43,5.45,5.45,670400,
551,2017-10-11,5.45,5.54,5.42,5.47,5.47,656200,
552,2017-10-12,5.47,5.52,5.38,5.39,5.39,694400,0.992633517495396
553,2017-10-13,5.39,5.6,5.38,5.52,5.52,826000,1.0128440366972475
554,2017-10-16,5.52,5.63,5.49,5.49,5.49,596300,0.9945652173913044
555,2017-10-17,5.53,5.7,5.505,5.54,5.54,1217500,
556,2017-10-18,5.59,5.7,5.54,5.54,5.54,1066000,
557,2017-10-19,5.5,5.62,5.37,5.46,5.46,579900,0.994535519125683
558,2017-10-20,5.5,5.59,5.44,5.57,5.57,606700,1.0054151624548737
559,2017-10-23,5.55,5.63,5.31,5.37,5.37,781600,0.9640933572710951
560,2017-10-24,5.39,5.585,5.375,5.44,5.44,1085500,
561,2017-10-25,5.45,5.53,5.35,5.42,5.42,1005400,
562,2017-10-26,5.42,5.52,5.38,5.44,5.44,466300,1.0130353817504656
563,2017-10-27,5.45,5.68,5.45,5.62,5.62,741200,1.0330882352941175
564,2017-10-30,5.58,5.81,5.55,5.72,5.72,886800,1.0177935943060497
565,2017-10-31,5.75,5.92,5.64,5.74,5.74,1508800,
566,2017-11-01,5.67,5.84,5.66,5.74,5.74,895500,
567,2017-11-02,5.77,5.8,5.63,5.69,5.69,940600,0.9947552447552449
568,2017-11-03,5.67,5.72,5.59,5.65,5.65,685700,0.9843205574912892
569,2017-11-06,5.75,6.16,5.7,6.13,6.13,1339500,1.0849557522123894
570,2017-11-07,6.2,6.235,5.8,5.86,5.86,1227800,
571,2017-11-08,5.82,6.19,5.75,5.89,5.89,934000,
572,2017-11-09,6.41,6.73,6.03,6.24,6.24,2876200,1.0179445350734095
573,2017-11-10,6.2,6.24,5.64,5.83,5.83,1877000,0.9948805460750852
574,2017-11-13,5.9,6.15,5.87,6.07,6.07,1059900,1.0411663807890223
575,2017-11-14,6.07,6.18,5.89,6.17,6.17,710300,
576,2017-11-15,6.12,6.25,6.01,6.08,6.08,821000,
577,2017-11-16,6.07,6.195,5.93,6.04,6.04,825000,0.9950576606260296
578,2017-11-17,6.0,6.14,5.937,6.05,6.05,734100,0.9805510534846029
579,2017-11-20,5.98,6.08,5.918,6.02,6.02,720300,0.9950413223140495
580,2017-11-21,6.05,6.055,5.9,5.92,5.92,569300,
581,2017-11-22,5.92,5.979,5.75,5.92,5.92,653600,
582,2017-11-24,5.95,5.99,5.87,5.93,5.93,330500,1.0016891891891893
583,2017-11-27,5.97,6.09,5.94,6.08,6.08,821600,1.0252951096121417
584,2017-11-28,6.01,6.01,5.7,5.73,5.73,2020100,
585,2017-11-29,5.72,5.78,5.4,5.56,5.56,1514500,
586,2017-11-30,5.56,5.67,5.51,5.6,5.6,788200,0.9210526315789473
587,2017-12-01,5.57,5.64,5.32,5.44,5.44,1114600,0.9493891797556719
588,2017-12-04,5.49,5.74,5.48,5.49,5.49,1054500,1.009191176470588
589,2017-12-05,5.49,5.635,5.44,5.56,5.56,749200,
590,2017-12-06,5.55,5.6,5.48,5.56,5.56,535400,
591,2017-12-07,5.54,5.69,5.52,5.67,5.67,651700,1.0327868852459017
592,2017-12-08,5.71,5.78,5.71,5.73,5.73,693300,1.0305755395683456
593,2017-12-11,5.74,5.86,5.7,5.8,5.8,722600,1.0122164048865618
594,2017-12-12,5.79,5.95,5.675,5.69,5.69,823600,
595,2017-12-13,5.71,5.826,5.59,5.69,5.69,858600,
596,2017-12-14,5.72,5.92,5.6,5.86,5.86,1115800,1.010344827586207
597,2017-12-15,5.91,6.1,5.9,6.06,6.06,2727400,1.0650263620386642
598,2017-12-18,6.08,6.14,6.03,6.07,6.07,1261600,1.0016501650165017
599,2017-12-19,6.07,6.1,5.97,5.99,5.99,719700,
600,2017-12-20,5.98,6.12,5.98,6.07,6.07,696900,
601,2017-12-21,6.08,6.08,6.01,6.05,6.05,673700,0.9967051070840197
602,2017-12-22,6.04,6.06,5.98,6.02,6.02,356600,1.005008347245409
603,2017-12-26,6.01,6.01,5.79,5.84,5.84,552800,
604,2017-12-27,5.84,5.94,5.78,5.87,5.87,436000,
605,2017-12-28,5.87,6.08,5.87,6.07,6.07,1012500,
606,2017-12-29,6.08,6.09,5.89,5.9,5.9,879800,1.0102739726027399
607,2018-01-02,5.88,5.98,5.88,5.92,5.92,672400,
608,2018-01-03,5.92,6.14,5.92,6.05,6.05,933100,
609,2018-01-04,6.05,6.09,5.91,6.06,6.06,798500,
610,2018-01-05,6.07,6.09,5.94,6.01,6.01,1062000,1.0152027027027026
611,2018-01-08,6.0,6.1,5.92,6.05,6.05,466100,1.0066555740432612
612,2018-01-09,6.03,6.08,5.96,6.01,6.01,564000,
613,2018-01-10,5.98,6.025,5.94,6.02,6.02,511400,
614,2018-01-11,5.98,6.31,5.94,6.3,6.3,1870700,1.0413223140495869
615,2018-01-12,6.3,6.43,6.232,6.36,6.36,980900,1.058236272878536
616,2018-01-16,6.37,6.41,6.06,6.06,6.06,926500,
617,2018-01-17,6.07,6.15,6.02,6.09,6.09,992200,
618,2018-01-18,6.06,6.13,5.775,5.92,5.92,1934200,
619,2018-01-19,5.91,6.01,5.88,5.94,5.94,919600,0.9801980198019803
620,2018-01-22,5.94,6.08,5.873,6.04,6.04,1243900,1.0168350168350169
621,2018-01-23,6.45,6.57,6.16,6.41,6.41,3887200,
622,2018-01-24,6.45,6.56,6.27,6.39,6.39,1295400,
623,2018-01-25,6.47,6.52,6.28,6.33,6.33,985900,1.0480132450331126
624,2018-01-26,6.39,6.405,6.2,6.33,6.33,878800,0.9875195007800311
625,2018-01-29,6.35,6.78,6.35,6.66,6.66,1543100,1.052132701421801
626,2018-01-30,6.66,6.73,6.61,6.67,6.67,1059900,
627,2018-01-31,6.7,6.73,6.32,6.33,6.33,1155400,
628,2018-02-01,6.32,6.37,6.03,6.07,6.07,899100,0.9114114114114115
629,2018-02-02,6.02,6.05,5.78,5.82,5.82,1816800,0.8725637181409296
630,2018-02-05,5.79,5.89,5.6,5.61,5.61,1356000,0.9639175257731959
631,2018-02-06,5.52,5.65,5.43,5.55,5.55,1588700,
632,2018-02-07,5.56,5.7,5.48,5.54,5.54,847500,
633,2018-02-08,5.56,5.69,5.26,5.33,5.33,1404700,0.9500891265597148
634,2018-02-09,5.43,5.48,5.08,5.37,5.37,1674200,0.9675675675675676
635,2018-02-12,5.84,6.12,5.64,6.0,6.0,2667000,1.1173184357541899
636,2018-02-13,6.02,6.11,5.94,5.97,5.97,1518400,
637,2018-02-14,5.9,6.52,5.9,6.42,6.42,2695100,
638,2018-02-15,6.5,6.55,6.24,6.53,6.53,1810000,1.0883333333333334
639,2018-02-16,6.54,6.88,6.53,6.78,6.78,2850800,1.135678391959799
640,2018-02-20,6.8,6.85,6.68,6.73,6.73,1325200,
641,2018-02-21,6.77,7.299,6.77,7.06,7.06,2944300,
642,2018-02-22,7.02,7.05,6.35,6.69,6.69,3001400,
643,2018-02-23,6.7,6.89,6.62,6.865,6.865,1321200,1.0200594353640415
644,2018-02-26,6.91,7.1,6.883,7.05,7.05,1674800,1.0269482884195194
645,2018-02-27,7.08,7.149,6.7,6.75,6.75,1562600,
646,2018-02-28,6.8,6.885,6.68,6.69,6.69,1252800,
647,2018-03-01,6.67,7.03,6.51,6.94,6.94,1938600,0.9843971631205675
648,2018-03-02,6.97,7.09,6.67,7.06,7.06,1898500,1.045925925925926
649,2018-03-05,7.03,7.2,6.83,7.2,7.2,2640600,1.019830028328612
650,2018-03-06,7.3,7.44,7.16,7.43,7.43,4219800,
651,2018-03-07,7.4,7.4,6.64,6.76,6.76,6183100,
652,2018-03-08,6.74,7.09,6.71,6.91,6.91,3124000,0.9597222222222223
653,2018-03-09,6.98,7.23,6.96,7.15,7.15,1983500,0.9623149394347241
654,2018-03-12,7.15,7.37,7.15,7.2,7.2,1710300,1.0069930069930069
655,2018-03-13,7.24,7.4,7.15,7.27,7.27,1878400,
656,2018-03-14,7.33,7.66,7.25,7.65,7.65,3062900,
657,2018-03-15,7.69,7.7,7.405,7.46,7.46,1566000,1.036111111111111
658,2018-03-16,7.57,7.68,7.32,7.66,7.66,2275700,1.0536451169188445
659,2018-03-19,7.64,7.79,7.494,7.63,7.63,2261500,0.996083550913838
660,2018-03-20,7.67,8.08,7.56,8.05,8.05,2762000,
661,2018-03-21,8.07,8.95,8.07,8.64,8.64,5108400,
662,2018-03-22,8.49,8.85,8.18,8.47,8.47,4337700,1.110091743119266
663,2018-03-23,8.53,8.87,8.42,8.43,8.43,3117900,1.0472049689440992
664,2018-03-26,8.55,8.82,8.5,8.73,8.73,2605200,1.0355871886120998
665,2018-03-27,8.75,8.84,8.51,8.76,8.76,2377400,
666,2018-03-28,8.7,8.749,8.454,8.69,8.69,2585400,
667,2018-03-29,8.72,9.23,8.61,8.93,8.93,3372000,1.0229095074455898
668,2018-04-02,8.9,9.12,8.73,9.08,9.08,2167800,
669,2018-04-03,9.15,9.24,8.915,9.16,9.16,2539900,
670,2018-04-04,9.11,9.88,8.94,9.82,9.82,5328300,
671,2018-04-05,9.82,10.16,9.76,9.94,9.94,5041200,1.0947136563876652
672,2018-04-06,9.3,9.51,8.39,8.52,8.52,6356200,0.9301310043668122
673,2018-04-09,8.51,8.73,8.17,8.19,8.19,2919900,0.9612676056338028
674,2018-04-10,8.28,8.59,8.2,8.2,8.2,2443200,
675,2018-04-11,8.15,8.45,8.01,8.28,8.28,1708900,
676,2018-04-12,8.41,8.6,8.36,8.47,8.47,1488100,1.0341880341880343
677,2018-04-13,8.54,8.69,8.42,8.5,8.5,1474000,1.0365853658536586
678,2018-04-16,8.5,8.75,8.43,8.63,8.63,1503100,1.015294117647059
679,2018-04-17,8.69,8.8,8.58,8.75,8.75,1089500,
680,2018-04-18,8.79,9.22,8.73,9.11,9.11,1968100,
681,2018-04-19,9.12,9.15,8.83,8.91,8.91,1166800,1.0324449594438005
682,2018-04-20,8.87,9.48,8.82,9.27,9.27,1803100,1.0594285714285714
683,2018-04-23,9.44,9.44,8.69,8.82,8.82,2574700,0.9514563106796117
684,2018-04-24,8.87,9.04,8.7,8.88,8.88,1425300,
685,2018-04-25,8.9,9.03,8.75,8.99,8.99,1372100,
686,2018-04-26,9.05,9.12,8.95,9.08,9.08,835500,1.0294784580498866
687,2018-04-27,9.08,9.45,9.05,9.25,9.25,1153500,1.0416666666666665
688,2018-04-30,9.27,9.39,9.12,9.22,9.22,3745200,0.9967567567567568
689,2018-05-01,9.18,9.18,8.8,9.08,9.08,966400,
690,2018-05-02,9.09,9.25,8.99,9.06,9.06,4051500,
691,2018-05-03,9.03,9.11,8.82,8.89,8.89,1024700,0.9642082429501084
692,2018-05-04,8.9,9.04,8.86,8.98,8.98,781600,0.9889867841409692
693,2018-05-07,9.03,9.4,8.97,9.33,9.33,1998500,1.0389755011135857
694,2018-05-08,9.31,9.5,9.22,9.43,9.43,2245000,
695,2018-05-09,9.41,10.03,9.35,9.83,9.83,4177800,
696,2018-05-10,10.97,11.77,10.22,11.5,11.5,9178800,1.232583065380493
697,2018-05-11,11.19,11.2,10.47,10.69,10.69,5553600,1.1336161187698834
698,2018-05-14,10.83,11.35,10.763,10.89,10.89,3810200,1.018709073900842
699,2018-05-15,10.75,11.19,10.72,10.85,10.85,2759300,
700,2018-05-16,10.76,10.9,10.41,10.64,10.64,3032500,
701,2018-05-17,10.63,10.876,10.54,10.86,10.86,2284900,0.9972451790633607
702,2018-05-18,10.85,11.07,10.83,10.98,10.98,2038800,1.0119815668202765
703,2018-05-21,11.0,11.14,10.755,10.91,10.91,1970200,0.9936247723132968
704,2018-05-22,10.98,11.06,10.84,10.88,10.88,1260000,
705,2018-05-23,10.8,10.94,10.71,10.89,10.89,857900,
706,2018-05-24,10.87,11.04,10.67,11.01,11.01,1280500,1.00916590284143
707,2018-05-25,10.93,11.11,10.7,10.91,10.91,1775000,1.0027573529411764
708,2018-05-29,10.76,11.07,10.76,11.0,11.0,1793100,
709,2018-05-30,11.01,11.51,10.91,11.5,11.5,3016900,
710,2018-05-31,11.66,12.24,11.49,12.1,12.1,5595100,
711,2018-06-01,11.99,12.395,11.57,12.27,12.27,3327900,1.1154545454545455
712,2018-06-04,12.3,12.39,11.75,12.32,12.32,2972200,1.0040749796251018
713,2018-06-05,12.36,13.0,12.33,12.82,12.82,3726100,
714,2018-06-06,12.78,12.81,12.32,12.57,12.57,2535400,
715,2018-06-07,12.63,12.79,12.065,12.28,12.28,1642400,0.9967532467532467
716,2018-06-08,12.32,12.71,12.25,12.69,12.69,2346700,0.9898595943837752
717,2018-06-11,12.76,12.81,12.54,12.64,12.64,1485300,0.9960598896769111
718,2018-06-12,12.78,13.97,12.72,13.49,13.49,4472200,
719,2018-06-13,13.74,14.31,13.6,13.98,13.98,3541900,
720,2018-06-14,14.1,14.35,13.91,14.18,14.18,2196100,1.1218354430379747
721,2018-06-15,14.19,14.19,13.57,13.63,13.63,5151100,1.0103780578206079
722,2018-06-18,13.42,13.96,13.32,13.82,13.82,1612900,1.0139398385913425
723,2018-06-19,13.62,13.8,13.18,13.78,13.78,1602100,
724,2018-06-20,13.8,14.126,13.54,13.86,13.86,1475900,
725,2018-06-21,13.93,13.978,13.57,13.69,13.69,1100100,0.9905933429811866
726,2018-06-22,13.82,13.97,13.65,13.87,13.87,1995400,1.0065312046444121
727,2018-06-25,13.81,13.82,12.93,13.45,13.45,1802400,0.969718817591925
728,2018-06-26,13.59,13.72,13.35,13.5,13.5,1280200,
729,2018-06-27,13.48,13.5,13.08,13.1,13.1,1182300,
730,2018-06-28,13.05,13.35,12.7,13.05,13.05,1986600,0.9702602230483273
731,2018-06-29,13.14,13.495,12.89,13.15,13.15,1427400,0.9740740740740741
732,2018-07-02,13.57,14.23,13.0,14.17,14.17,2748100,1.0775665399239542
733,2018-07-03,14.28,14.326,13.88,14.18,14.18,1402400,
734,2018-07-05,14.27,15.21,13.86,14.99,14.99,4565400,1.0578687367678195
735,2018-07-06,14.85,15.51,14.5,15.49,15.49,3180700,1.0923836389280677
736,2018-07-09,15.62,16.025,15.33,15.95,15.95,2791800,1.0296965784377017
737,2018-07-10,15.86,16.004998999999998,15.17,15.79,15.79,2628800,
738,2018-07-11,15.41,16.1,15.27,15.96,15.96,1759000,
739,2018-07-12,16.0,16.07,15.51,15.96,15.96,2080900,1.000626959247649
740,2018-07-13,15.96,16.02,15.65,15.75,15.75,1536800,0.9974667511082964
741,2018-07-16,15.85,16.445,15.66,15.94,15.94,1525700,1.012063492063492
742,2018-07-17,15.95,16.239,15.12,15.17,15.17,2422200,
743,2018-07-18,15.16,15.44,14.69,15.16,15.16,2268200,
744,2018-07-19,14.31,15.51,14.31,15.45,15.45,2535000,0.9692597239648683
745,2018-07-20,15.38,15.59,14.2,14.38,14.38,2108400,0.947923533289387
746,2018-07-23,14.39,14.685,14.3,14.54,14.54,1286800,1.011126564673157
747,2018-07-24,14.72,15.15,14.52,14.74,14.74,1432300,
748,2018-07-25,14.74,15.22,14.51,15.11,15.11,1516100,
749,2018-07-26,15.03,15.42,14.92,15.23,15.23,1169700,1.0474552957359011
750,2018-07-27,15.21,15.5,14.45,14.61,14.61,1429700,0.991180461329715
751,2018-07-30,14.53,14.72,13.7,13.85,13.85,1838900,0.94798083504449
752,2018-07-31,13.95,14.43,13.931,14.14,14.14,1048100,
753,2018-08-01,14.16,14.33,13.91,14.32,14.32,1120900,
754,2018-08-02,14.28,14.88,14.2,14.77,14.77,1118300,1.0664259927797834
755,2018-08-03,14.42,14.96,13.42,13.84,13.84,3418400,0.9787835926449787
756,2018-08-06,13.84,14.17,13.57,13.91,13.91,1532700,1.005057803468208
757,2018-08-07,14.0,14.12,13.9,14.02,14.02,843000,
758,2018-08-08,14.1,14.41,13.94,14.29,14.29,1308100,
759,2018-08-09,14.5,14.84,14.33,14.34,14.34,2249800,1.0309130122214234
760,2018-08-10,12.69,13.7,11.8,13.29,13.29,9784700,0.9479315263908702
761,2018-08-13,13.26,13.58,12.5,13.21,13.21,4664900,0.9939804364183598
762,2018-08-14,13.23,13.41,12.72,13.16,13.16,3034500,
763,2018-08-15,12.98,13.39,12.856,13.26,13.26,1827300,
764,2018-08-16,13.4,13.6,13.0,13.39,13.39,2209900,1.0136260408781226
765,2018-08-17,13.38,13.56,12.8,12.97,12.97,2090500,0.9855623100303952
766,2018-08-20,13.03,13.88,12.86,13.88,13.88,2430400,1.0701619121048573
767,2018-08-21,13.92,14.38,13.9,13.98,13.98,2277200,
768,2018-08-22,13.93,14.42,13.91,14.32,14.32,1708400,
769,2018-08-23,14.19,14.261,13.45,13.57,13.57,2594200,0.9776657060518732
770,2018-08-24,13.69,14.16,13.6,14.16,14.16,1313400,1.0128755364806867
771,2018-08-27,14.12,14.34,13.745,13.97,13.97,2758000,0.9865819209039548
772,2018-08-28,14.02,14.099,13.171,13.39,13.39,2210100,
773,2018-08-29,13.42,13.77,13.27,13.52,13.52,1275400,
774,2018-08-30,13.46,13.5,13.01,13.1,13.1,1573700,0.9377236936292054
775,2018-08-31,13.05,13.37,13.02,13.12,13.12,1332400,0.9798356982823001
776,2018-09-04,13.1,13.33,12.72,12.78,12.78,1748800,
777,2018-09-05,12.76,12.79,12.18,12.64,12.64,1558800,
778,2018-09-06,12.71,12.71,12.245,12.33,12.33,1115900,
779,2018-09-07,12.25,12.52,12.18,12.26,12.26,1015600,0.9593114241001566
780,2018-09-10,12.26,12.265,11.91,11.95,11.95,1286400,0.9747145187601958
781,2018-09-11,12.88,13.37,12.48,12.7,12.7,3687900,
782,2018-09-12,12.61,13.2,12.61,13.1,13.1,1382300,
783,2018-09-13,12.835,13.38,12.831,13.09,13.09,950900,1.095397489539749
784,2018-09-14,13.05,13.24,12.95,13.13,13.13,997300,1.0338582677165356
785,2018-09-17,13.07,13.19,12.48,12.56,12.56,1298200,0.9565879664889566
786,2018-09-18,12.5,13.06,12.49,12.89,12.89,881800,
787,2018-09-19,12.9,13.04,12.59,12.75,12.75,855700,
788,2018-09-20,12.8,13.18,12.75,12.84,12.84,1149000,1.0222929936305731
789,2018-09-21,12.84,13.039,12.483,12.5,12.5,2281300,0.9697439875872769
790,2018-09-24,12.5,12.695,12.358,12.51,12.51,1561200,1.0008
791,2018-09-25,12.5,12.605,12.25,12.52,12.52,1226400,
792,2018-09-26,12.49,12.57,12.405,12.46,12.46,869800,
793,2018-09-27,12.4,12.5,11.9,12.07,12.07,2493600,0.9648281374900081
794,2018-09-28,12.05,12.81,12.0,12.44,12.44,2162200,0.9936102236421726
795,2018-10-01,12.48,12.575,11.98,12.24,12.24,1681600,0.9839228295819936
796,2018-10-02,12.38,13.767,12.37,13.54,13.54,2816200,
797,2018-10-03,13.54,13.54,12.6,12.85,12.85,2134200,
798,2018-10-04,12.76,13.04,12.33,12.59,12.59,1193700,1.02859477124183
799,2018-10-05,12.58,12.8,12.33,12.48,12.48,1495900,0.9217134416543575
800,2018-10-08,12.35,12.41,11.69,11.99,11.99,1160100,0.9607371794871795
801,2018-10-09,12.02,12.28,11.89,12.12,12.12,1075400,
802,2018-10-10,12.03,12.15,11.12,11.19,11.19,1546200,
803,2018-10-11,11.09,11.8,10.955,11.38,11.38,2048200,0.9491242702251877
804,2018-10-12,11.8,12.22,11.51,12.22,12.22,1459500,1.0082508250825084
805,2018-10-15,12.11,12.47,12.02,12.41,12.41,1050200,1.0155482815057282
806,2018-10-16,12.54,13.265,12.5,13.16,13.16,1933400,
807,2018-10-17,13.11,13.15,12.64,13.05,13.05,1144800,
808,2018-10-18,12.92,13.15,12.57,12.72,12.72,775800,1.024979854955681
809,2018-10-19,12.83,12.99,12.33,12.73,12.73,1080400,0.9673252279635258
810,2018-10-22,12.73,12.98,12.62,12.79,12.79,937200,1.00471327572663
811,2018-10-23,12.51,12.55,11.845,12.38,12.38,1185400,
812,2018-10-24,12.37,12.7,11.72,11.75,11.75,1209800,
813,2018-10-25,11.76,12.05,11.415,11.86,11.86,1925600,0.9272869429241595
814,2018-10-26,11.62,11.9,11.3,11.44,11.44,1110900,0.924071082390953
815,2018-10-29,11.56,11.97,11.26,11.5,11.5,1094700,1.0052447552447552
816,2018-10-30,11.5,11.97,11.44,11.96,11.96,872800,
817,2018-10-31,12.19,12.401,11.863,12.26,12.26,1124400,
818,2018-11-01,12.26,12.64,11.68,12.6,12.6,1174700,1.0956521739130434
819,2018-11-02,12.68,13.2,12.54,13.12,13.12,1370500,1.0969899665551839
820,2018-11-05,13.0,13.08,12.52,12.66,12.66,1259900,0.9649390243902439
821,2018-11-06,12.73,13.07,12.58,12.97,12.97,896600,
822,2018-11-07,13.22,13.33,12.89,13.19,13.19,1557500,
823,2018-11-08,12.47,13.5,12.4,12.59,12.59,2165700,0.9944707740916271
824,2018-11-09,12.47,12.59,12.21,12.3,12.3,803700,0.9483423284502699
825,2018-11-12,12.3,12.75,12.06,12.44,12.44,955100,1.011382113821138
826,2018-11-13,12.48,12.73,12.02,12.13,12.13,1056000,
827,2018-11-14,12.27,12.615,12.11,12.59,12.59,925300,
828,2018-11-15,12.42,13.18,12.22,13.12,13.12,1415200,1.0546623794212218
829,2018-11-16,13.04,13.18,12.55,13.07,13.07,1422300,1.0774938169826875
830,2018-11-19,12.77,12.98,12.39,12.79,12.79,1411200,0.9785768936495791
831,2018-11-20,12.51,12.51,11.6,11.8,11.8,1401800,
832,2018-11-21,11.87,12.324,11.78,12.29,12.29,863900,
833,2018-11-23,12.14,12.655,12.01,12.42,12.42,365800,1.0525423728813559
834,2018-11-26,12.6,13.03,12.52,13.03,13.03,1075700,1.0491143317230274
835,2018-11-27,13.09,14.149,13.05,14.11,14.11,3331200,
836,2018-11-28,14.09,14.6,13.9,14.53,14.53,2903200,
837,2018-11-29,14.38,14.7,14.31,14.7,14.7,2199300,1.128165771297007
838,2018-11-30,14.55,14.731,14.18,14.65,14.65,2055900,1.0382707299787386
839,2018-12-03,15.0,15.0,14.53,14.91,14.91,1885600,1.0177474402730375
840,2018-12-04,14.89,14.95,14.13,14.28,14.28,1824300,
841,2018-12-06,14.08,14.63,13.71,14.61,14.61,1304300,0.9798792756539235
842,2018-12-07,14.62,14.88,13.82,13.96,13.96,1206000,0.9775910364145659
843,2018-12-10,13.96,14.32,13.66,14.14,14.14,1168000,1.012893982808023
844,2018-12-11,14.43,14.48,13.88,14.12,14.12,930600,
845,2018-12-12,14.34,14.56,13.91,14.41,14.41,1087100,
846,2018-12-13,14.63,14.87,14.08,14.26,14.26,1257200,1.0084865629420083
847,2018-12-14,14.13,14.13,12.71,13.02,13.02,1772800,0.9220963172804533
848,2018-12-17,12.76,13.23,12.53,13.11,13.11,1955600,1.0069124423963134
849,2018-12-18,13.33,13.515,12.18,12.4,12.4,1489800,
850,2018-12-19,12.33,12.77,11.8,11.94,11.94,1324300,
851,2018-12-20,11.97,11.97,8.81,10.48,10.48,5851400,0.7993897787948132
852,2018-12-21,10.49,10.967,10.34,10.9,10.9,3135700,0.8790322580645161
853,2018-12-24,10.43,10.68,9.95,10.52,10.52,1540900,0.965137614678899
854,2018-12-26,10.65,11.2,10.4,11.16,11.16,1585400,
855,2018-12-27,11.0,11.12,10.265,10.91,10.91,1372600,1.0370722433460076
856,2018-12-28,10.91,11.14,10.463,10.6,10.6,1539600,
857,2018-12-31,10.72,10.91,10.465,10.89,10.89,1220300,1.0273584905660378
858,2019-01-02,10.58,10.99,10.1,10.98,10.98,1017900,
859,2019-01-03,10.83,11.06,9.56,9.78,9.78,2469000,0.8980716253443525
860,2019-01-04,9.95,10.597,9.95,10.38,10.38,1531700,
861,2019-01-07,10.37,10.8,10.15,10.56,10.56,1209500,1.0173410404624277
862,2019-01-08,10.61,10.98,10.41,10.71,10.71,1441400,
863,2019-01-09,10.76,11.61,10.73,11.47,11.47,1832700,
864,2019-01-10,11.29,11.54,11.01,11.51,11.51,854200,1.089962121212121
865,2019-01-11,11.49,11.74,11.224,11.65,11.65,1135400,1.087768440709617
866,2019-01-14,11.54,11.87,11.4,11.73,11.73,948700,1.0068669527896996
867,2019-01-15,11.75,11.89,11.54,11.74,11.74,656400,
868,2019-01-16,11.79,12.0,11.61,11.69,11.69,1026000,
869,2019-01-17,11.62,12.14,11.52,12.07,12.07,895900,1.0289855072463767
870,2019-01-18,12.12,12.23,11.86,12.16,12.16,782500,1.0357751277683134
871,2019-01-22,12.07,12.28,11.76,11.78,11.78,835700,
872,2019-01-23,11.86,12.17,11.69,11.92,11.92,643100,
873,2019-01-24,11.9,12.23,11.9,12.01,12.01,602300,
874,2019-01-25,12.16,12.307,12.02,12.19,12.19,780300,1.034804753820034
875,2019-01-28,11.99,12.36,11.93,12.24,12.24,1086600,1.004101722723544
876,2019-01-29,12.32,12.35,12.11,12.23,12.23,734100,
877,2019-01-30,12.37,12.49,12.17,12.4,12.4,585300,
878,2019-01-31,12.42,13.3,12.41,13.3,13.3,1852200,1.0866013071895426
879,2019-02-01,13.12,13.64,13.12,13.32,13.32,1168400,1.089125102207686
880,2019-02-04,13.32,13.69,13.21,13.66,13.66,776000,1.0255255255255256
881,2019-02-05,13.69,14.14,13.62,13.92,13.92,1433300,
882,2019-02-06,13.96,14.45,13.908,14.33,14.33,1170600,
883,2019-02-07,14.26,14.61,14.12,14.6,14.6,1252200,1.068814055636896
884,2019-02-08,14.51,14.771,14.34,14.68,14.68,974200,1.0545977011494252
885,2019-02-11,14.74,15.18,14.581,14.9,14.9,1753600,1.0149863760217983
886,2019-02-12,14.9,15.0,14.77,14.93,14.93,783500,
887,2019-02-13,15.01,15.24,14.88,15.15,15.15,1049800,
888,2019-02-14,14.97,15.44,14.36,15.1,15.1,1641800,1.0134228187919463
889,2019-02-15,15.17,15.28,15.05,15.26,15.26,777300,1.0221031480241125
890,2019-02-19,15.5,15.55,15.3,15.47,15.47,1483000,
891,2019-02-20,15.44,15.74,15.22,15.46,15.46,1497100,
892,2019-02-21,15.5,15.59,15.26,15.5,15.5,886300,
893,2019-02-22,15.58,15.94,15.41,15.82,15.82,1140000,1.0226244343891402
894,2019-02-25,16.0,16.030001000000002,15.54,15.71,15.71,1147600,0.993046776232617
895,2019-02-26,15.66,15.78,15.44,15.64,15.64,1360500,
896,2019-02-27,15.52,15.71,15.21,15.59,15.59,1174300,
897,2019-02-28,15.53,15.85,15.45,15.51,15.51,2262900,0.9872692552514322
898,2019-03-01,16.049999,16.25,15.61,15.96,15.96,2714400,1.020460358056266
899,2019-03-04,16.1,17.091998999999998,15.97,16.299999,16.299999,3179400,1.0213031954887217
900,2019-03-05,16.309998999999998,16.620001000000002,15.54,15.57,15.57,2239300,
901,2019-03-06,15.65,16.0,15.155,15.21,15.21,1652200,
902,2019-03-07,15.12,15.195,14.76,14.83,14.83,1220500,0.9098160067371783
903,2019-03-08,14.37,14.81,14.26,14.73,14.73,1099200,0.9460500963391137
904,2019-03-11,14.77,15.127,14.73,14.86,14.86,1184600,1.008825526137135
905,2019-03-12,14.94,15.05,14.71,14.73,14.73,848600,
906,2019-03-13,14.78,14.94,14.54,14.73,14.73,1064400,
907,2019-03-14,14.78,14.79,14.35,14.57,14.57,806600,0.9804845222072679
908,2019-03-15,14.57,14.9,14.4,14.77,14.77,1284200,1.0027155465037338
909,2019-03-18,14.8,15.06,14.65,14.83,14.83,960800,1.0040622884224781
910,2019-03-19,14.88,14.97,14.615,14.68,14.68,712600,
911,2019-03-20,14.58,15.04,14.56,14.85,14.85,1097300,
912,2019-03-21,14.81,15.13,14.69,15.1,15.1,976400,1.0182063385030344
913,2019-03-22,15.0,15.08,14.23,14.25,14.25,1248900,0.970708446866485
914,2019-03-25,14.2,14.41,14.01,14.08,14.08,680800,0.9880701754385965
915,2019-03-26,14.22,14.319,14.04,14.23,14.23,668200,
916,2019-03-27,14.23,14.33,13.73,14.23,14.23,934800,
917,2019-03-28,14.25,14.33,13.96,14.27,14.27,785100,1.0134943181818181
918,2019-03-29,14.37,14.48,13.99,14.06,14.06,1020500,0.9880534082923401
919,2019-04-01,14.24,14.38,13.95,14.18,14.18,691700,1.0085348506401137
920,2019-04-02,14.15,14.36,14.05,14.22,14.22,557100,
921,2019-04-03,14.32,14.945,14.27,14.87,14.87,1040000,
922,2019-04-04,14.84,14.97,14.7,14.82,14.82,781600,1.0451339915373767
923,2019-04-05,14.9,15.4,14.83,15.24,15.24,1162700,1.0717299578059072
924,2019-04-08,15.2,15.41,14.99,15.39,15.39,613200,1.0098425196850394
925,2019-04-09,15.33,15.54,14.92,14.96,14.96,712400,
926,2019-04-10,15.05,16.059998999999998,15.05,15.84,15.84,1294500,
927,2019-04-11,15.81,16.17,15.69,15.86,15.86,1169500,1.0305393112410655
928,2019-04-12,15.99,16.1,15.57,15.68,15.68,716100,1.0481283422459893
929,2019-04-15,15.63,15.89,15.49,15.62,15.62,619000,0.9961734693877551
930,2019-04-16,15.75,16.15,15.61,16.08,16.08,766300,
931,2019-04-17,16.15,16.530001000000002,16.030001000000002,16.51,16.51,961200,
932,2019-04-18,16.49,16.74,16.17,16.27,16.27,866800,1.0416133162612036
933,2019-04-22,16.200001,16.299999,15.9,16.27,16.27,533900,
934,2019-04-23,16.26,16.9,16.110001,16.690001000000002,16.690001000000002,1027600,
935,2019-04-24,16.719998999999998,17.02,16.690001000000002,16.91,16.91,920200,
936,2019-04-25,17.01,17.440001000000002,16.790001,16.93,16.93,1234200,1.0405654578979717
937,2019-04-26,16.959999,17.120001000000002,16.74,17.1,17.1,725300,1.0245655467606023
938,2019-04-29,17.18,17.309998999999998,17.059998999999998,17.129998999999998,17.129998999999998,810700,1.00175432748538
939,2019-04-30,16.34,16.5,14.79,15.21,15.21,2583700,
940,2019-05-01,15.41,15.57,14.9,15.34,15.34,1167100,
941,2019-05-02,15.32,15.46,14.9,15.44,15.44,893100,0.9013427262897097
942,2019-05-03,15.5,16.084999,15.5,16.0,16.0,1167800,1.051939513477975
943,2019-05-06,15.6,16.52,15.51,16.459999,16.459999,1037000,1.0287499375
944,2019-05-07,16.690001000000002,16.959999,16.5,16.75,16.75,1252400,
945,2019-05-08,16.83,16.91,16.43,16.6,16.6,1640600,
946,2019-05-09,15.12,15.93,14.105,15.53,15.53,2534700,0.9434994497873298
947,2019-05-10,15.44,15.53,14.75,15.07,15.07,1422500,0.8997014925373135
948,2019-05-13,14.83,14.906,14.16,14.3,14.3,1256900,0.9489051094890512
949,2019-05-14,14.34,14.98,14.34,14.77,14.77,1015200,
950,2019-05-15,14.55,14.87,14.51,14.78,14.78,617700,
951,2019-05-16,15.22,16.200001,15.11,16.07,16.07,1727900,1.1237762237762237
952,2019-05-17,15.71,15.9,15.52,15.8,15.8,1115300,1.069735951252539
953,2019-05-20,15.5,15.92,15.29,15.71,15.71,699700,0.9943037974683544
954,2019-05-21,15.95,16.889999,15.95,16.620001000000002,16.620001000000002,1468200,
955,2019-05-22,16.5,16.860001,16.5,16.700001,16.700001,733800,
956,2019-05-23,15.9,16.27,15.215,15.45,15.45,1573600,0.9834500318268617
957,2019-05-24,15.61,15.96,15.35,15.64,15.64,505000,0.9410348410929698
958,2019-05-28,14.95,15.63,14.92,15.49,15.49,955400,
959,2019-05-29,15.39,15.79,15.191,15.58,15.58,673300,
960,2019-05-30,15.57,16.129998999999998,15.57,15.95,15.95,842800,
961,2019-05-31,15.59,15.71,15.23,15.66,15.66,858600,1.0109748224661073
962,2019-06-03,15.66,16.18,15.57,15.89,15.89,793500,1.0146871008939975
963,2019-06-04,16.120001000000002,16.309998999999998,15.69,16.0,16.0,1014000,
964,2019-06-05,16.07,16.24,15.678,16.18,16.18,707700,
965,2019-06-06,16.18,16.24,15.81,16.190001000000002,16.190001000000002,506400,1.0188798615481436
966,2019-06-07,16.34,16.76,16.290001,16.34,16.34,923400,1.02125
967,2019-06-10,16.469998999999998,17.0,16.459999,16.6,16.6,1399300,1.0159118727050185
968,2019-06-11,16.799999,17.0,16.18,16.51,16.51,950000,
969,2019-06-12,16.17,16.700001,16.1,16.299999,16.299999,572900,
970,2019-06-13,16.360001,17.0,16.360001,16.9,16.9,809400,1.0180722891566263
971,2019-06-14,16.959999,16.959999,16.290001,16.459999,16.459999,684600,0.9969714718352513
972,2019-06-17,16.43,17.127001,16.27,17.09,17.09,1252600,1.0382746681819361
973,2019-06-18,18.0,18.75,17.469998999999998,18.27,18.27,4233400,
974,2019-06-19,18.299999,18.5,17.110001,18.26,18.26,2617600,
975,2019-06-20,18.32,19.280001000000002,18.309998999999998,18.75,18.75,2982000,1.0971328262141604
976,2019-06-21,18.559998999999998,18.84,18.0,18.52,18.52,2034900,1.0136836343732896
977,2019-06-24,18.700001,18.945,18.469998999999998,18.68,18.68,2136700,1.0086393088552916
978,2019-06-25,18.780001000000002,18.799999,18.01,18.299999,18.299999,1762100,
979,2019-06-26,18.48,18.84,18.299999,18.379998999999998,18.379998999999998,1008000,
980,2019-06-27,18.25,18.695,18.08,18.6,18.6,1612300,0.9957173447537474
981,2019-06-28,18.799999,18.844998999999998,18.42,18.76,18.76,6461400,1.0251366680402552
982,2019-07-01,19.110001,20.0,18.74,19.83,19.83,5219900,1.0570362473347545
983,2019-07-02,19.889999,20.469998999999998,19.48,20.33,20.33,3577300,
984,2019-07-03,20.48,20.67,20.0,20.219998999999998,20.219998999999998,1201000,
985,2019-07-05,20.1,20.299999,19.309998999999998,20.209999,20.209999,1508500,0.9940973438268569
986,2019-07-08,20.1,20.215,19.673,19.82,19.82,1106300,0.9807026709897413
987,2019-07-09,19.780001000000002,20.17,19.51,19.870001000000002,19.870001000000002,1503900,
988,2019-07-10,20.030001000000002,20.25,19.299999,19.889999,19.889999,1439800,
989,2019-07-11,19.98,20.049999,19.549999,19.639999,19.639999,852700,0.9909182139253279
990,2019-07-12,19.73,20.08,19.58,19.91,19.91,764700,1.0020130346244067
991,2019-07-15,19.92,20.25,19.5,19.719998999999998,19.719998999999998,955000,0.9904570065293821
992,2019-07-16,19.719998999999998,20.43,19.677999,20.219998999999998,20.219998999999998,1185400,
993,2019-07-17,20.620001000000002,21.42,20.35,20.389999,20.389999,2569400,
994,2019-07-18,20.32,20.43,19.629998999999998,19.98,19.98,1747400,1.0131846355570304
995,2019-07-19,20.09,20.459999,19.709999,19.77,19.77,1668300,0.9777448554769959
996,2019-07-22,19.799999,20.280001000000002,19.610001,19.889999,19.889999,1063200,1.0060697521497217
997,2019-07-23,19.870001000000002,19.889999,17.58,18.790001,18.790001,3918000,
998,2019-07-24,18.76,18.99,18.34,18.700001,18.700001,1458400,
999,2019-07-25,18.77,19.120001000000002,18.57,18.74,18.74,1284500,0.9421820483751657
1000,2019-07-26,18.719998999999998,18.938,18.469998999999998,18.77,18.77,963600,0.9989355508815566
1001,2019-07-29,18.690001000000002,18.73,17.6,18.639999,18.639999,2123200,0.9930740010655301
1002,2019-07-30,18.59,19.129998999999998,18.450001,19.120001000000002,19.120001000000002,1199300,
1003,2019-07-31,19.24,19.49,18.719998999999998,19.049999,19.049999,1980100,
1004,2019-08-01,19.42,20.809998999999998,19.08,19.629998999999998,19.629998999999998,4144300,1.0531115908321669
1005,2019-08-02,19.5,19.83,19.02,19.49,19.49,1851300,1.0193514111217878
1006,2019-08-05,18.610001,18.903,18.08,18.379998999999998,18.379998999999998,1833900,0.9430476654694715
1007,2019-08-06,18.59,19.08,18.379998999999998,18.719998999999998,18.719998999999998,1340500,
1008,2019-08-07,19.4,20.200001,18.950001,19.98,19.98,4189300,
1009,2019-08-08,18.41,19.190001000000002,17.761,18.74,18.74,5078300,1.019586562545515
1010,2019-08-09,18.219998999999998,18.5,16.030001000000002,16.360001,16.360001,4476600,0.8739317240348144
1011,2019-08-12,16.23,16.469998999999998,15.639,16.01,16.01,2300600,0.9786062971512044
1012,2019-08-13,15.95,16.530001000000002,15.56,16.139999,16.139999,2105300,
1013,2019-08-14,15.79,15.89,14.74,15.13,15.13,3767800,
1014,2019-08-15,15.23,15.235,14.59,14.69,14.69,1789900,0.9175515302935664
1015,2019-08-16,14.9,15.59,14.88,15.39,15.39,2037900,0.9535316575918004
1016,2019-08-19,15.69,15.925,15.42,15.77,15.77,1666100,1.0246913580246912
1017,2019-08-20,16.299999,16.299999,15.525,15.89,15.89,1732500,
1018,2019-08-21,16.190001000000002,16.200001,15.42,15.65,15.65,1615700,
1019,2019-08-22,15.78,15.85,15.17,15.47,15.47,1243800,0.9809765377298669
1020,2019-08-23,15.29,15.44,14.55,14.66,14.66,1458800,0.9225928256765261
1021,2019-08-26,14.9,15.24,14.69,15.18,15.18,1445100,1.0354706684856754
1022,2019-08-27,15.32,15.452,14.73,14.84,14.84,1155600,
1023,2019-08-28,14.71,15.1,14.6,14.82,14.82,1411500,
1024,2019-08-29,14.97,15.25,14.88,15.17,15.17,1035800,0.9993412384716732
1025,2019-08-30,15.27,15.39,15.04,15.33,15.33,1780600,1.0330188679245282
1026,2019-09-03,15.31,15.56,14.675,14.79,14.79,1546100,
1027,2019-09-04,15.08,15.41,14.9,15.33,15.33,1141800,
1028,2019-09-05,15.51,15.8,15.235,15.3,15.3,1253300,
1029,2019-09-06,15.3,15.452,14.98,15.03,15.03,813200,1.0162271805273835
1030,2019-09-09,15.05,15.365,14.8,14.95,14.95,1777900,0.9946773120425815
1031,2019-09-10,14.96,15.141,14.62,14.93,14.93,1567200,
1032,2019-09-11,14.93,15.68,14.92,15.64,15.64,1536200,
1033,2019-09-12,15.79,15.93,15.41,15.83,15.83,1165500,1.0588628762541807
1034,2019-09-13,15.9,16.15,15.75,15.96,15.96,1305100,1.068988613529806
1035,2019-09-16,15.96,16.639999,15.92,16.459999,16.459999,2313100,1.0313282581453633
1036,2019-09-17,16.530001000000002,17.530001000000002,16.4,17.48,17.48,2262400,
1037,2019-09-18,17.48,17.57,17.1,17.370001000000002,17.370001000000002,1749300,
1038,2019-09-19,17.33,17.695,17.33,17.459999,17.459999,1287800,1.0607533451247475
1039,2019-09-20,17.43,17.625,17.16,17.299999,17.299999,2310800,0.9897024599542333
1040,2019-09-23,17.219998999999998,17.67,17.0,17.540001,17.540001,1488000,1.0138729487787832
1041,2019-09-24,17.51,17.629998999999998,16.5,16.68,16.68,3110800,
1042,2019-09-25,16.799999,17.01,16.33,16.93,16.93,1775500,
1043,2019-09-26,16.91,17.700001,16.424999,16.639999,16.639999,4395800,0.9486886004168414
1044,2019-09-27,16.6,16.73,15.86,16.139999,16.139999,2164600,0.9676258393285372
1045,2019-09-30,16.209999,16.860001,15.93,16.705,16.705,1681800,1.0350062599136467
1046,2019-10-01,16.719998999999998,17.120001000000002,16.184998999999998,16.26,16.26,1333900,
1047,2019-10-02,15.99,16.0,15.445,15.5,15.5,1670800,
1048,2019-10-03,15.52,15.78,15.02,15.77,15.77,1121200,0.9440287339120025
1049,2019-10-04,15.98,16.24,15.63,16.219998999999998,16.219998999999998,1083300,0.9975399138991388
1050,2019-10-07,16.16,16.673,15.91,16.52,16.52,2281200,1.0184957471329068
1051,2019-10-08,16.27,16.74,16.183001,16.549999,16.549999,1997600,
1052,2019-10-09,16.780001000000002,16.889999,16.49,16.684998999999998,16.684998999999998,1039500,
1053,2019-10-10,16.690001000000002,17.18,16.67,16.940001000000002,16.940001000000002,1060300,1.0254237893462472
1054,2019-10-11,17.360001,17.950001,17.309998999999998,17.51,17.51,1635700,1.058006106223934
1055,2019-10-14,17.469998999999998,17.549999,17.08,17.209999,17.209999,808300,0.9828668760708166
1056,2019-10-15,17.16,17.368999,17.0,17.215,17.215,876700,
1057,2019-10-16,17.0,17.35,16.83,16.934998999999998,16.934998999999998,1124900,
1058,2019-10-17,17.059998999999998,17.26,16.639999,16.77,16.77,812600,0.9744335255336156
1059,2019-10-18,16.700001,17.290001,16.57,17.0,17.0,1602300,0.9875108916642463
1060,2019-10-21,17.16,17.34,16.75,17.049999,17.049999,1204000,1.0029411176470588
1061,2019-10-22,17.0,17.0,15.25,15.26,15.26,2258900,
1062,2019-10-23,15.31,16.0,15.25,15.93,15.93,2001400,
1063,2019-10-24,16.059998999999998,16.059998999999998,15.34,15.67,15.67,1191500,0.919061637481621
1064,2019-10-25,15.58,15.76,15.096,15.24,15.24,1256600,0.9986893840104849
1065,2019-10-28,15.43,16.07,15.4,15.86,15.86,1335600,1.0406824146981626
1066,2019-10-29,15.78,16.145,15.54,15.97,15.97,1229700,
1067,2019-10-30,15.95,15.98,15.45,15.86,15.86,959500,
1068,2019-10-31,15.87,16.1,15.3,15.54,15.54,1095100,0.9798234552332913
1069,2019-11-01,15.63,15.83,15.5,15.59,15.59,950700,0.9762053850970569
1070,2019-11-04,15.8,15.94,14.88,14.915,14.915,1749400,0.9567030147530468
1071,2019-11-05,14.97,15.14,14.46,14.95,14.95,1650300,
1072,2019-11-06,14.93,15.355,14.73,14.85,14.85,1169100,
1073,2019-11-07,14.96,15.26,14.73,14.77,14.77,2359000,0.9902782433791485
1074,2019-11-08,14.76,15.08,14.7,14.74,14.74,1836200,0.9859531772575252
1075,2019-11-11,14.85,15.26,14.3,14.43,14.43,2087200,0.9789687924016282
1076,2019-11-12,14.44,14.7,14.13,14.485,14.485,2606600,
1077,2019-11-13,14.88,14.88,12.9,13.77,13.77,6213200,
1078,2019-11-14,13.88,14.48,13.88,14.4,14.4,3313400,0.997920997920998
1079,2019-11-15,14.54,14.84,14.31,14.71,14.71,2724900,1.0155333103210218
1080,2019-11-18,14.64,14.71,14.25,14.44,14.44,1761200,0.9816451393609789
1081,2019-11-19,14.46,14.525,14.02,14.09,14.09,1645400,
1082,2019-11-20,14.05,14.05,13.47,13.54,13.54,2815000,
1083,2019-11-21,13.49,13.725,13.26,13.42,13.42,1445100,0.9293628808864266
1084,2019-11-22,13.47,13.63,13.41,13.49,13.49,1097600,0.957416607523066
1085,2019-11-25,13.5,13.87,13.47,13.75,13.75,1103500,1.0192735359525575
1086,2019-11-26,13.74,13.895,13.641,13.79,13.79,1024600,
1087,2019-11-27,14.0,14.25,13.91,13.99,13.99,1280400,
1088,2019-11-29,13.81,14.09,13.8,13.88,13.88,717300,1.0065264684554025
1089,2019-12-02,13.89,13.955,13.5,13.55,13.55,937700,0.9762247838616714
1090,2019-12-03,13.4,13.551,13.1,13.51,13.51,1269400,
1091,2019-12-04,13.67,13.81,13.32,13.35,13.35,1088400,
1092,2019-12-05,13.43,13.58,13.2,13.21,13.21,1195000,0.9749077490774908
1093,2019-12-06,13.32,13.625,13.26,13.62,13.62,1552800,1.008142116950407
1094,2019-12-09,13.52,13.74,13.26,13.31,13.31,1394200,0.9772393538913363
1095,2019-12-10,13.33,13.39,13.12,13.26,13.26,1603700,
1096,2019-12-11,13.28,13.57,13.155,13.19,13.19,1149800,
1097,2019-12-12,13.22,14.19,13.2,14.17,14.17,2404900,1.0646130728775356
1098,2019-12-13,14.03,14.34,13.8,13.94,13.94,2092500,1.0512820512820513
1099,2019-12-16,13.96,14.79,13.94,14.26,14.26,2687500,1.0229555236728838
1100,2019-12-17,14.35,14.63,14.187,14.29,14.29,2163800,
1101,2019-12-18,14.36,14.715,14.26,14.67,14.67,1789100,
1102,2019-12-19,14.55,14.87,14.46,14.79,14.79,1869700,1.0371669004207573
1103,2019-12-20,14.84,14.905,14.255,14.37,14.37,2274000,1.0055983205038488
1104,2019-12-23,14.5,14.52,14.18,14.4,14.4,1327600,1.0020876826722338
1105,2019-12-24,14.45,14.665,14.41,14.59,14.59,585000,
1106,2019-12-26,14.66,14.71,14.4,14.55,14.55,639200,1.0104166666666667
1107,2019-12-27,14.53,14.62,14.085,14.16,14.16,841100,0.9705277587388622
1108,2019-12-30,14.16,14.385,13.69,13.74,13.74,1541300,0.9703389830508474
1109,2019-12-31,13.73,13.89,13.59,13.81,13.81,1169300,
1110,2020-01-02,13.99,14.19,13.77,14.185,14.185,1144700,1.032387190684134
1111,2020-01-03,14.0,14.515,13.77,14.37,14.37,1080500,1.0405503258508326
1112,2020-01-06,14.24,14.42,13.66,14.38,14.38,1456900,1.000695894224078
1113,2020-01-07,14.37,14.71,14.27,14.7,14.7,966000,
1114,2020-01-08,14.67,14.78,14.46,14.64,14.64,1889800,
1115,2020-01-09,14.71,15.19,14.58,15.0,15.0,1530100,1.043115438108484
1116,2020-01-10,15.15,15.179,14.8,14.91,14.91,1007700,1.0142857142857142
1117,2020-01-13,14.9,15.27,14.76,15.24,15.24,1512000,1.0221327967806841
1118,2020-01-14,15.1,15.55,15.059,15.27,15.27,1748100,
1119,2020-01-15,15.19,15.317,15.05,15.19,15.19,1167500,
1120,2020-01-16,15.71,16.625,15.65,16.6,16.6,3161300,1.089238845144357
1121,2020-01-17,16.83,17.469998999999998,16.76,17.18,17.18,3455500,1.1250818598559267
1122,2020-01-21,17.209999,17.52,16.83,17.370001000000002,17.370001000000002,2041100,
1123,2020-01-22,17.51,17.540001,16.76,16.85,16.85,1640200,
1124,2020-01-23,16.67,17.07,16.385,16.955,16.955,1259200,
1125,2020-01-24,17.07,17.07,16.610001,16.790001,16.790001,1285000,0.9666090980651065
1126,2020-01-27,16.4,16.639999,16.200001,16.33,16.33,1033800,0.9726026817985298
1127,2020-01-28,16.48,16.98,16.305,16.959999,16.959999,942300,
1128,2020-01-29,17.08,17.1,16.809998999999998,16.950001,16.950001,878100,
1129,2020-01-30,17.9,17.93,17.33,17.48,17.48,7953100,1.0704225352112677
1130,2020-01-31,17.24,17.459999,16.879998999999998,17.030001000000002,17.030001000000002,3539800,1.0041274766584598
1131,2020-02-03,17.059998999999998,17.690001000000002,16.950001,17.540001,17.540001,18257600,1.0299471503260627
1132,2020-02-04,17.860001,18.32,17.68,18.25,18.25,3024100,
1133,2020-02-05,18.5,19.030001000000002,18.360001,18.99,18.99,3191000,
1134,2020-02-06,19.110001,19.434998999999998,18.85,19.129998999999998,19.129998999999998,2274300,1.0906498237941946
1135,2020-02-07,19.0,19.110001,18.82,18.950001,18.950001,1206100,1.0383562191780822
1136,2020-02-10,18.889999,20.0,18.889999,19.959999,19.959999,2357100,1.053298044680842
1137,2020-02-11,20.0,20.620001000000002,19.719998999999998,20.129998999999998,20.129998999999998,3072700,
1138,2020-02-12,20.41,21.5,20.25,21.299999,21.299999,3770200,
1139,2020-02-13,20.99,21.5,20.73,21.299999,21.299999,2442100,1.0671342719005146
1140,2020-02-14,21.209999,21.565001000000002,20.91,21.42,21.42,2084200,1.0640835103866624
1141,2020-02-18,21.360001,22.379998999999998,21.34,21.77,21.77,4906900,
1142,2020-02-19,21.42,22.709999,21.059998999999998,22.48,22.48,4271500,
1143,2020-02-20,23.0,23.66,22.631001,23.4,23.4,4191800,
1144,2020-02-21,22.25,22.620001000000002,21.51,21.950001,21.950001,4803300,1.0082683050068904
1145,2020-02-24,20.75,22.32,19.25,22.129998999999998,22.129998999999998,3116100,1.0082003640910995
1146,2020-02-25,22.76,22.870001000000002,20.709999,20.799999,20.799999,3447900,
1147,2020-02-26,21.09,21.620001000000002,20.275,20.91,20.91,3162400,
1148,2020-02-27,20.17,21.059998999999998,19.15,20.27,20.27,3946500,0.9159512388590709
1149,2020-02-28,17.24,19.540001,16.25,19.34,19.34,4840200,0.9298077370099873
1150,2020-03-02,19.459999,19.559998999999998,18.34,19.360001,19.360001,3354200,1.0010341778697
1151,2020-03-03,19.65,20.51,19.209999,19.514999,19.514999,2919900,
1152,2020-03-04,19.93,20.889999,19.809998999999998,20.799999,20.799999,1862100,
1153,2020-03-05,20.32,21.629998999999998,20.108,21.299999,21.299999,2724000,1.100206503088507
1154,2020-03-06,20.68,21.030001000000002,19.690001000000002,20.219998999999998,20.219998999999998,2200900,1.0361260587305179
1155,2020-03-09,17.75,18.620001000000002,16.379998999999998,16.790001,16.790001,3431200,0.8303660648054435
1156,2020-03-10,17.809998999999998,17.809998999999998,15.95,16.719998999999998,16.719998999999998,3061100,
1157,2020-03-11,16.129998999999998,16.309998999999998,14.21,15.05,15.05,4237900,
1158,2020-03-12,13.71,13.75,11.615,11.68,11.68,5513000,0.6956521324805162
1159,2020-03-13,12.94,13.38,10.25,11.2,11.2,4773100,0.6698564993933314
1160,2020-03-16,9.84,10.72,8.355,9.49,9.49,5122800,0.8473214285714287
1161,2020-03-17,9.87,10.03,7.835,9.92,9.92,5752500,
1162,2020-03-18,9.03,9.32,8.035,8.9,8.9,4295800,
1163,2020-03-19,8.8,9.56,8.5,9.11,9.11,3778100,0.9599578503688092
1164,2020-03-20,9.34,10.025,8.22,8.36,8.36,3934500,0.8427419354838709
1165,2020-03-23,8.43,9.25,7.835,9.02,9.02,3184800,1.0789473684210527
1166,2020-03-24,9.77,11.37,9.63,11.16,11.16,3398900,
1167,2020-03-25,11.9,13.57,10.8,12.16,12.16,4866500,
1168,2020-03-26,12.27,12.94,11.78,12.38,12.38,2514200,1.3725055432372506
1169,2020-03-27,11.72,11.79,10.12,10.22,10.22,2454800,0.9157706093189965
1170,2020-03-30,10.32,10.484,9.54,9.81,9.81,2054500,0.9598825831702544
1171,2020-03-31,9.81,10.548,9.51,10.1,10.1,2158300,
1172,2020-04-01,9.55,9.69,9.0,9.32,9.32,2179300,
1173,2020-04-02,9.4,10.05,8.93,9.8,9.8,2062600,0.998980632008155
1174,2020-04-03,9.69,9.93,8.75,8.85,8.85,2264600,0.8762376237623762
1175,2020-04-06,9.47,10.07,9.39,9.98,9.98,2226700,1.1276836158192092
1176,2020-04-07,11.4,11.79,10.5,10.57,10.57,3078600,
1177,2020-04-08,10.83,11.58,10.53,11.47,11.47,2260800,
1178,2020-04-09,12.0,12.64,11.27,11.73,11.73,2662500,1.1753507014028055
1179,2020-04-13,11.62,11.819,11.0,11.1,11.1,1693000,
1180,2020-04-14,11.43,12.13,11.38,12.065,12.065,2213200,
1181,2020-04-15,11.49,11.87,11.08,11.46,11.46,2578300,
1182,2020-04-16,11.4,11.65,10.835,11.11,11.11,2436300,1.000900900900901
1183,2020-04-17,11.72,11.92,11.34,11.87,11.87,1908200,0.9838375466224616
1184,2020-04-20,11.52,12.99,11.42,12.35,12.35,3303700,1.0404380791912384
1185,2020-04-21,11.91,12.31,11.76,12.01,12.01,2096400,
1186,2020-04-22,12.44,12.805,12.165,12.64,12.64,1694600,
1187,2020-04-23,12.75,13.5,12.75,13.11,13.11,2490000,1.0615384615384615
1188,2020-04-24,13.2,13.44,12.67,12.94,12.94,1677300,1.077435470441299
1189,2020-04-27,13.13,13.63,13.1,13.52,13.52,1527700,1.044822256568779
1190,2020-04-28,14.0,14.24,13.11,13.69,13.69,1869400,
1191,2020-04-29,14.15,14.87,14.03,14.8,14.8,2100800,
1192,2020-04-30,14.4,14.76,14.025,14.03,14.03,2195700,1.0377218934911243
1193,2020-05-01,13.39,13.71,12.6,12.96,12.96,2120100,0.9466764061358657
1194,2020-05-04,12.61,13.54,12.43,13.425,13.425,1667200,1.0358796296296295
1195,2020-05-05,13.82,13.99,12.931,13.25,13.25,2197000,
1196,2020-05-06,13.42,14.0,13.12,13.87,13.87,2256000,
1197,2020-05-07,13.97,14.29,13.48,13.81,13.81,2540100,1.0286778398510241
1198,2020-05-08,14.43,15.35,14.31,14.77,14.77,3356200,1.1147169811320754
1199,2020-05-11,14.57,15.065,14.348,14.56,14.56,2184200,0.9857819905213271
1200,2020-05-12,14.62,14.795,13.95,13.97,13.97,1407000,
1201,2020-05-13,13.79,14.0,13.005,13.54,13.54,2047900,
1202,2020-05-14,13.15,13.97,12.65,13.965,13.965,2879500,0.9591346153846153
1203,2020-05-15,13.89,14.21,13.59,14.07,14.07,1506900,1.0071581961345741
1204,2020-05-18,14.74,15.29,14.63,15.14,15.14,1784200,1.076048329779673
1205,2020-05-19,15.0,15.97,14.99,15.51,15.51,2162500,
1206,2020-05-20,15.84,16.48,15.72,15.91,15.91,2096900,
1207,2020-05-21,15.91,16.264999,15.59,16.07,16.07,1605100,1.0614266842800528
1208,2020-05-22,16.18,16.235001,15.755,15.86,15.86,826200,1.0225660863958737
1209,2020-05-26,16.5,16.809998999999998,16.190001000000002,16.33,16.33,1300500,
1210,2020-05-27,16.77,16.924999,15.36,16.85,16.85,2280300,
1211,2020-05-28,17.0,17.135,16.32,16.43,16.43,1729700,
1212,2020-05-29,16.190001000000002,16.799999,15.99,16.700001,16.700001,1249500,1.0226577464788733
1213,2020-06-01,16.6,17.905001000000002,16.42,17.67,17.67,1887200,1.05808376897702
1214,2020-06-02,17.959999,18.120001000000002,17.639999,17.940001000000002,17.940001000000002,1605800,
1215,2020-06-03,18.24,18.879998999999998,17.982,18.6,18.6,1289500,
1216,2020-06-04,18.629998999999998,18.84,18.030001000000002,18.285,18.285,1644700,1.0348047538200338
1217,2020-06-05,18.780001000000002,19.379998999999998,18.549999,18.690001000000002,18.690001000000002,1522200,1.0418060177365653
1218,2020-06-08,19.0,19.715,18.73,19.639999,19.639999,1440200,1.050829210763552
1219,2020-06-09,19.139999,19.605,18.674999,19.33,19.33,1279400,
1220,2020-06-10,19.110001,19.219998999999998,18.540001,18.620001000000002,18.620001000000002,1024500,
1221,2020-06-11,16.9,17.709999,16.5,17.165001,17.165001,1659100,0.8739817654776867
1222,2020-06-12,17.93,18.26,17.299999,17.93,17.93,1071200,0.9275737196068289
1223,2020-06-15,17.549999,19.120001000000002,17.389999,18.99,18.99,1745800,1.0591187953151142
1224,2020-06-16,19.75,20.379998999999998,19.445,20.1,20.1,1985400,
1225,2020-06-17,20.16,20.16,19.18,19.290001,19.290001,1501400,
1226,2020-06-18,18.68,20.295,18.67,19.799999,19.799999,1501000,1.0426539757767246
1227,2020-06-19,19.969998999999998,20.665001,19.764999,19.895,19.895,2707100,0.9898009950248755
1228,2020-06-22,19.940001000000002,20.09,19.690001000000002,19.969998999999998,19.969998999999998,1151800,1.00376974114099
1229,2020-06-23,20.27,20.379998999999998,19.700001,19.74,19.74,1089700,
1230,2020-06-24,19.5,19.9,18.950001,19.719998999999998,19.719998999999998,1466600,
1231,2020-06-25,19.528,20.049999,19.389999,19.879998999999998,19.879998999999998,1177000,0.9954932396341132
1232,2020-06-26,19.780001000000002,19.799999,18.427999,18.58,18.58,2316000,0.9412360688956434
1233,2020-06-29,18.83,19.6,18.465,19.52,19.52,1197200,1.0505920344456405
1234,2020-06-30,19.41,19.84,19.190001000000002,19.719998999999998,19.719998999999998,1416300,
1235,2020-07-01,19.719998999999998,20.118,19.530001000000002,19.84,19.84,1148300,
1236,2020-07-02,20.0,20.559998999999998,19.889999,20.0,20.0,1720600,1.0245901639344261
1237,2020-07-06,20.610001,21.695,20.530001000000002,21.34,21.34,1916900,
1238,2020-07-07,23.950001,27.59,23.459999,26.17,26.17,19802800,
1239,2020-07-08,26.76,28.400999,26.209999,28.27,28.27,9887400,
1240,2020-07-09,28.09,28.219998999999998,26.379998999999998,27.83,27.83,6301600,1.3041237113402062
1241,2020-07-10,27.280001000000002,28.91,27.15,28.885,28.885,3419900,1.103744745892243
1242,2020-07-13,29.23,33.27,29.23,30.09,30.09,11160800,1.0417171542323005
1243,2020-07-14,29.200001,34.310001,28.290001,33.779999,33.779999,9602400,
1244,2020-07-15,34.700001,36.220001,34.18,35.814999,35.814999,8054900,
1245,2020-07-16,35.68,37.459998999999996,34.880001,36.650002,36.650002,7122700,1.2180126952475905
1246,2020-07-17,36.799999,37.09,34.889998999999996,36.810001,36.810001,5934100,1.089698108043165
1247,2020-07-20,36.650002,39.830002,36.48,38.400002,38.400002,6143000,1.0431948100191575
1248,2020-07-21,38.919998,39.82,37.900002,38.98,38.98,4761400,
1249,2020-07-22,39.43,41.150002,38.650002,40.349998,40.349998,5334700,
1250,2020-07-23,40.737999,42.799999,40.240002000000004,42.459998999999996,42.459998999999996,6324500,1.1057290830349435
1251,2020-07-24,42.0,42.0,38.740002000000004,40.990002000000004,40.990002000000004,5182800,1.0515649563878915
1252,2020-07-27,41.439999,43.18,41.169998,42.5,42.5,4049900,1.0368382026426834
1253,2020-07-28,41.990002000000004,41.990002000000004,39.509997999999996,40.459998999999996,40.459998999999996,4317100,
1254,2020-07-29,39.060001,39.200001,35.939999,36.605,36.605,9539600,
1255,2020-07-30,37.509997999999996,38.189999,36.299999,36.669998,36.669998,4446300,0.8628234823529412
1256,2020-07-31,36.540001000000004,37.41,35.790001000000004,36.689999,36.689999,20112500,0.9068215498472949
1257,2020-08-03,37.18,40.099998,36.18,39.779999,39.779999,4222700,1.0842191355742472
1258,2020-08-04,40.099998,43.549999,39.290001000000004,43.540001000000004,43.540001000000004,5330300,
1259,2020-08-05,43.0,46.68,41.16,46.400002,46.400002,6911800,
1260,2020-08-06,46.400002,48.299999,45.119999,46.529999,46.529999,4580100,1.169683262184094
1261,2020-08-07,46.27,48.169998,44.419998,46.0,46.0,3672900,1.056499746061099
1262,2020-08-10,45.389998999999996,48.060001,45.310001,47.279999,47.279999,4000300,1.0278260652173912
1263,2020-08-11,47.75,47.849998,41.924999,42.369999,42.369999,5289400,
1264,2020-08-12,43.040001000000004,45.790001000000004,42.555,44.939999,44.939999,3710600,
1265,2020-08-13,45.169998,47.360001000000004,44.630001,46.73,46.73,3074200,0.9883671951854314
1266,2020-08-14,46.349998,47.849998,44.939999,45.630001,45.630001,2502500,1.0769412810229237
1267,2020-08-17,46.189999,49.419998,46.18,47.73,47.73,3106700,1.0460223307906567
1268,2020-08-18,47.84,48.125,44.650002,46.310001,46.310001,3594500,
1269,2020-08-19,46.48,49.099998,46.349998,48.139998999999996,48.139998999999996,5098200,
1270,2020-08-20,47.200001,47.810001,45.860001000000004,45.994999,45.994999,2536400,0.963649675256652
1271,2020-08-21,46.27,48.490002000000004,46.02,48.23,48.23,3006600,1.0414597054316626
1272,2020-08-24,48.799999,51.200001,48.176998,51.0,51.0,4435800,1.057433132904831
1273,2020-08-25,51.349998,51.869999,49.73,50.790001000000004,50.790001000000004,3664900,
1274,2020-08-26,51.299999,51.650002,49.419998,50.029999,50.029999,2815100,
1275,2020-08-27,50.41,52.779999,50.41,52.099998,52.099998,3446300,1.021568588235294
1276,2020-08-28,52.669998,55.790001000000004,51.669998,55.509997999999996,55.509997999999996,3896100,1.0929316185679931
1277,2020-08-31,55.41,56.970001,54.82,56.555,56.555,4038000,1.0188254735660414
1278,2020-09-01,56.299999,58.470001,55.130001,58.27,58.27,3501100,
1279,2020-09-02,58.919998,59.0,54.68,57.075001,57.075001,3547300,
1280,2020-09-03,55.990002000000004,56.130001,50.040001000000004,51.150002,51.150002,4772900,0.9044293519582707
1281,2020-09-04,51.939999,52.48,42.610001000000004,49.224998,49.224998,7285200,0.8447742920885533
1282,2020-09-08,46.43,53.700001,46.43,51.889998999999996,51.889998999999996,5589900,
1283,2020-09-09,52.75,55.77,52.349998,55.240002000000004,55.240002000000004,4055900,
1284,2020-09-10,55.27,57.57,54.619999,56.189999,56.189999,3784900,
1285,2020-09-11,56.41,56.900002,54.549999,55.880001,55.880001,2418700,1.0768934684311713
1286,2020-09-14,56.330002,59.599998,55.689999,59.099998,59.099998,3475800,1.057623424165651
1287,2020-09-15,59.02,61.349998,58.18,61.009997999999996,61.009997999999996,3475100,
1288,2020-09-16,61.900002,63.919998,61.549999,62.330002,62.330002,3506300,
1289,2020-09-17,60.0,60.68,58.16,59.52,59.52,3251600,1.0071066330662144
1290,2020-09-18,60.200001,63.25,59.650002,60.860001000000004,60.860001000000004,13029700,0.9975414357495964
1291,2020-09-21,58.650002,60.259997999999996,56.43,60.200001,60.200001,3597300,0.9891554388899861
1292,2020-09-22,60.5,62.830002,59.660999,62.799999,62.799999,2485600,
1293,2020-09-23,63.150002,65.529999,61.709998999999996,61.720001,61.720001,4107900,
1294,2020-09-24,60.169998,62.009997999999996,56.009997999999996,60.630001,60.630001,5256500,1.007142857024205
1295,2020-09-25,60.650002,66.57,60.209998999999996,66.459999,66.459999,5747900,1.0582802557050996
1296,2020-09-28,67.889999,72.199997,66.779999,71.980003,71.980003,5693800,1.083057539618681
1297,2020-09-29,72.889999,75.269997,71.360001,72.800003,72.800003,6070800,
1298,2020-09-30,71.550003,78.220001,70.529999,77.07,77.07,8329800,
1299,2020-10-01,79.415001,82.41999799999999,77.769997,79.970001,79.970001,14945600,1.1110030239926498
1300,2020-10-02,77.510002,80.339996,75.839996,76.449997,76.449997,8854900,1.0501372781536835
