,Date,Open,High,Low,Close,Adj Close,Volume,3day_before_change,3day_before_change
0,2015-08-05,13.06,13.31,10.4,10.77,10.77,14096900,0.0,1.022911051212938
1,2015-08-06,11.0,11.2,8.23,8.77,8.77,3570400,0.0,0.9967061923583663
2,2015-08-07,9.19,10.2,8.77,10.14,10.14,1623800,0.0,0.9953734302709848
3,2015-08-10,10.73,10.73,10.0,10.12,10.12,435900,0.0,1.0325365205843295
4,2015-08-11,10.0,10.03,9.5,9.79,9.79,349700,0.0,0.984887459807074
5,2015-08-12,9.68,10.4,9.653,10.35,10.35,498200,0.0,0.9333986287952988
6,2015-08-13,10.07,10.338,10.05,10.12,10.12,397500,0.0,1.1682406435816717
7,2015-08-14,10.01,10.17,9.73,10.04,10.04,410600,0.0,1.0670658682634733
8,2015-08-17,10.04,10.26,9.96,10.13,10.13,346000,0.0,0.9845679012345678
9,2015-08-18,10.0,10.34,10.0,10.24,10.24,277700,0.0,0.9883157594756341
10,2015-08-19,10.3,11.03,10.173,10.73,10.73,573000,0.0,0.9922145328719724
11,2015-08-20,10.55,10.74,10.0,10.52,10.52,321400,0.0,1.0108979947689622
12,2015-08-21,10.2,10.56,9.81,9.9,9.9,394900,0.0,0.9805950840879691
13,2015-08-24,9.39,9.39,8.5,9.16,9.16,1052300,0.0,1.0052770448548811
14,2015-08-25,9.68,10.21,9.65,9.9,9.9,834000,0.0,1.0271216097987752
15,2015-08-26,10.03,10.8,9.99,10.78,10.78,791000,0.0,0.9429301533219762
16,2015-08-27,10.91,11.14,10.83,11.0,11.0,569400,0.0,1.005420054200542
17,2015-08-28,11.18,11.85,10.95,11.62,11.62,450500,0.0,0.9056603773584905
18,2015-08-31,11.86,12.24,11.4,11.88,11.88,617300,0.0,1.0322420634920635
19,2015-09-01,11.49,12.0,11.25,11.86,11.86,745700,0.0,1.043248438250841
20,2015-09-02,12.0,12.15,10.5,11.59,11.59,510100,0.0,1.0391524643021648
21,2015-09-03,11.48,11.9,11.1,11.64,11.64,219800,0.0,0.9556737588652482
22,2015-09-04,11.56,11.63,11.03,11.56,11.56,171500,0.0,0.9904143475572048
23,2015-09-08,12.0,12.0,10.91,11.55,11.55,709000,0.0,0.9684670621292537
24,2015-09-09,11.75,11.9,11.15,11.39,11.39,334800,0.0,0.9107027724049
25,2015-09-10,11.44,11.87,11.44,11.69,11.69,368600,0.0,0.9546902654867258
26,2015-09-11,11.5,11.69,11.25,11.5,11.5,427300,0.0,1.0150166852057843
27,2015-09-14,11.41,11.51,10.94,11.25,11.25,405500,0.0,0.9402739726027397
28,2015-09-15,11.18,11.495,11.0,11.49,11.49,346700,0.0,0.8578088578088578
29,2015-09-16,11.4,11.5,11.0,11.31,11.31,323100,0.0,1.0552536231884058
30,2015-09-17,11.24,11.64,11.24,11.4,11.4,314400,0.0,1.0068669527896996
31,2015-09-18,11.3,11.9,11.11,11.58,11.58,1343300,0.0,0.9373401534526855
32,2015-09-21,11.69,11.9,11.33,11.74,11.74,299600,0.0,0.9474761255115961
33,2015-09-22,11.6,11.9,11.25,11.39,11.39,432000,0.0,0.9877609791216702
34,2015-09-23,11.75,11.75,10.97,11.01,11.01,287000,0.0,0.9582118561710399
35,2015-09-24,10.88,11.0,10.74,10.81,10.81,268600,0.0,1.0040567951318458
36,2015-09-25,10.88,11.32,10.79,11.13,11.13,351600,0.0,1.021969696969697
37,2015-09-28,11.04,11.34,10.01,10.06,10.06,590300,0.0,1.0704225352112675
38,2015-09-29,10.14,10.43,9.53,9.81,9.81,1040800,0.0,0.9736842105263158
39,2015-09-30,9.9,10.74,9.71,10.37,10.37,3454500,0.0,1.12375533428165
40,2015-10-01,10.38,11.08,9.98,10.3,10.3,491900,0.0,0.9924050632911392
41,2015-10-02,10.13,10.69,9.94,10.51,10.51,288300,0.0,0.9838435374149661
42,2015-10-05,10.71,10.97,10.51,10.66,10.66,290300,0.0,1.1797752808988762
43,2015-10-06,10.65,11.23,10.64,11.05,11.05,337200,0.0,1.239194139194139
44,2015-10-07,11.08,11.47,10.57,11.19,11.19,448100,0.0,1.2184451670115284
45,2015-10-08,11.29,11.41,11.0,11.39,11.39,137900,0.0,0.8947113051916546
46,2015-10-09,11.42,11.6,11.22,11.26,11.26,183600,0.0,0.9915943600867677
47,2015-10-12,11.31,11.31,10.75,10.78,10.78,144300,0.0,0.9585726004922066
48,2015-10-13,10.67,10.93,10.58,10.69,10.69,156700,0.0,1.0051347881899872
49,2015-10-14,10.65,10.96,10.54,10.74,10.74,196300,0.0,0.9544487015751384
50,2015-10-15,10.85,11.0,10.36,10.6,10.6,265800,0.0,0.8629200118941421
51,2015-10-16,10.68,10.7,10.31,10.34,10.34,157900,0.0,1.0079255685733977
52,2015-10-19,10.28,10.34,9.65,9.81,9.81,338400,0.0,0.8967521367521368
53,2015-10-20,9.81,9.85,9.48,9.5,9.5,219400,0.0,0.9006862371330536
54,2015-10-21,9.5,9.57,8.52,8.94,8.94,597300,0.0,0.9396825396825397
55,2015-10-22,9.03,9.19,8.81,8.9,8.9,605400,0.0,1.1846846846846846
56,2015-10-23,8.84,9.34,8.834,9.08,9.08,398500,0.0,0.9593155893536123
57,2015-10-26,9.03,9.23,8.9,9.21,9.21,168800,0.0,1.0749108204518432
58,2015-10-27,9.13,9.4,8.89,9.04,9.04,260300,0.0,1.0530973451327432
59,2015-10-28,9.05,9.435,9.05,9.42,9.42,208100,0.0,0.8886554621848741
60,2015-10-29,9.22,9.39,8.88,8.91,8.91,214300,0.0,0.9462174940898345
61,2015-10-30,8.81,8.83,7.0,7.41,7.41,2015100,0.0,0.9244222361024359
62,2015-11-02,7.37,7.58,7.11,7.36,7.36,603200,0.0,0.7292792792792794
63,2015-11-03,7.37,7.7,7.19,7.52,7.52,851700,0.0,
64,2015-11-04,7.68,7.92,7.5,7.71,7.71,754300,0.0,
65,2015-11-05,7.8,8.11,7.72,8.07,8.07,307600,0.0,1.0194723618090453
66,2015-11-06,8.02,8.1,7.57,7.82,7.82,293600,0.0,0.9414664202094885
67,2015-11-09,8.29,8.29,7.55,7.73,7.73,199000,0.0,1.0611910994764397
68,2015-11-10,7.67,7.93,7.25,7.27,7.27,394700,0.0,1.0259019426456986
69,2015-11-11,7.24,7.45,6.87,6.99,6.99,536300,0.0,1.1247370003005712
70,2015-11-12,6.99,6.99,6.36,6.58,6.58,505400,0.0,1.0582576162479955
71,2015-11-13,6.39,7.93,6.39,7.31,7.31,989200,0.0,1.0343434343434346
72,2015-11-16,7.4,7.4,6.84,7.0,7.0,624100,0.0,0.930908203125
73,2015-11-17,7.04,7.25,6.51,6.72,6.72,1087700,0.0,1.012326252294781
74,2015-11-18,6.8,7.01,6.36,6.55,6.55,561600,0.0,1.0558290155440415
75,2015-11-19,6.51,6.784,6.45,6.5,6.5,363900,0.0,0.978284873021715
76,2015-11-20,6.59,6.74,6.51,6.67,6.67,366600,0.0,0.9480812641083524
77,2015-11-23,6.62,6.959,6.56,6.6,6.6,384600,0.0,1.0269841269841269
78,2015-11-24,6.59,6.82,6.59,6.74,6.74,476400,0.0,0.9969088098918084
79,2015-11-25,6.7,6.84,6.6,6.75,6.75,476000,0.0,0.9984496124031008
80,2015-11-27,6.81,7.41,6.81,7.22,7.22,445700,0.0,1.026656314699793
81,2015-11-30,7.23,7.285,6.61,6.65,6.65,557300,0.0,1.0231913284597933
82,2015-12-01,6.7,7.14,6.53,7.05,7.05,351600,0.0,0.9963045084996304
83,2015-12-02,7.05,7.46,6.913,7.39,7.39,620900,0.0,1.0415430267062313
84,2015-12-03,7.52,8.35,7.52,7.95,7.95,1041500,0.0,1.00997150997151
85,2015-12-04,7.95,8.035,7.66,7.85,7.85,436100,0.0,1.0366713681241184
86,2015-12-07,7.79,8.37,7.735,7.91,7.91,439800,0.0,1.0761904761904764
87,2015-12-08,8.11,8.11,7.625,7.77,7.77,388900,0.0,0.998314369995786
88,2015-12-09,7.79,8.035,7.548,7.71,7.71,333600,0.0,1.0067539046010974
89,2015-12-10,7.6,7.83,7.56,7.57,7.57,364800,0.0,0.9786163522012579
90,2015-12-11,7.46,8.02,7.46,7.86,7.86,450900,0.0,0.9528706083976007
91,2015-12-14,7.95,9.38,7.83,9.1,9.1,940800,0.0,0.9968525179856115
92,2015-12-15,9.26,11.29,9.16,9.49,9.49,2054200,0.0,0.8520523229589536
93,2015-12-16,11.17,12.17,10.89,11.63,11.63,3501200,0.0,1.0497617787188989
94,2015-12-17,12.85,13.3,11.79,12.71,12.71,3608200,0.0,0.9283913262733232
95,2015-12-18,12.45,13.95,11.95,13.74,13.74,3045300,0.0,0.9932102118413907
96,2015-12-21,14.15,14.95,13.13,13.4,13.4,3150800,0.0,1.0410172272354388
97,2015-12-22,13.45,13.65,11.41,11.6,11.6,2507000,0.0,1.0013133701076966
98,2015-12-23,11.95,12.36,11.55,11.88,11.88,1104200,0.0,
99,2015-12-24,11.69,12.47,11.6,12.19,12.19,385000,0.0,
100,2015-12-28,12.11,12.38,11.6,11.67,11.67,637500,0.0,0.9640021175224986
101,2015-12-29,11.79,12.05,11.07,11.7,11.7,626600,0.0,1.0647995606809446
102,2015-12-30,11.65,12.07,11.45,11.72,11.72,317100,0.0,0.984785972150593
103,2015-12-31,11.76,11.95,11.64,11.77,11.77,319100,0.0,0.9402985074626864
104,2016-01-04,11.27,11.49,11.08,11.21,11.21,576800,0.0,1.0058479532163742
105,2016-01-05,10.88,11.0,9.42,9.61,9.61,1947000,0.0,1.026578073089701
106,2016-01-06,9.27,10.38,9.078,10.2,10.2,3534100,0.0,0.9719525350593312
107,2016-01-07,9.8,9.97,9.16,9.21,9.21,1694700,0.0,0.9306326304106548
108,2016-01-08,9.35,9.95,9.25,9.75,9.75,552500,0.0,0.975551580202743
109,2016-01-11,9.65,9.7,9.08,9.31,9.31,577600,0.0,1.042481662591687
110,2016-01-12,9.35,9.5,8.4,8.67,8.67,598600,0.0,0.9041336851363235
111,2016-01-13,8.6,8.76,8.032,8.25,8.25,796500,0.0,0.993514915693904
112,2016-01-14,8.08,8.55,7.78,8.0,8.0,1156400,0.0,0.9967362924281985
113,2016-01-15,7.75,7.9,7.26,7.75,7.75,903100,0.0,1.0150622134905043
114,2016-01-19,7.83,7.89,7.3,7.4,7.4,743500,0.0,0.9812903225806452
115,2016-01-20,7.25,9.205,6.94,8.54,8.54,1686000,0.0,1.0276134122287968
116,2016-01-21,8.62,9.07,8.455,8.97,8.97,1195800,0.0,0.9836852207293666
117,2016-01-22,9.37,9.7,8.53,8.79,8.79,1037100,0.0,0.9912195121951219
118,2016-01-25,8.78,8.85,8.14,8.41,8.41,600000,0.0,1.0203412073490814
119,2016-01-26,8.48,9.08,8.2,8.73,8.73,712900,0.0,0.9781350482315113
120,2016-01-27,8.65,8.73,8.22,8.34,8.34,579400,0.0,0.9796186719263644
121,2016-01-28,8.43,10.19,8.43,10.05,10.05,1066300,0.0,1.04496644295302
122,2016-01-29,10.15,10.169,9.4,9.52,9.52,859800,0.0,1.045600513808606
123,2016-02-01,9.62,9.62,8.63,8.94,8.94,776800,0.0,1.0724815724815726
124,2016-02-02,8.83,8.83,8.16,8.34,8.34,534000,0.0,1.056701030927835
125,2016-02-03,8.44,8.57,7.83,8.1,8.1,435200,0.0,0.9734417344173442
126,2016-02-04,8.2,8.3,7.82,8.05,8.05,520000,0.0,1.0022271714922049
127,2016-02-05,8.05,8.14,7.774,7.96,7.96,600100,0.0,1.0050000000000001
128,2016-02-08,7.87,7.94,7.37,7.6,7.6,538400,0.0,0.9867330016583747
129,2016-02-09,7.51,7.58,6.87,7.2,7.2,658700,0.0,1.0134453781512605
130,2016-02-10,6.38,6.79,5.92,6.07,6.07,2068300,0.0,1.0099502487562189
131,2016-02-11,5.6,5.82,4.995,5.08,5.08,1419200,0.0,1.0213464696223318
132,2016-02-12,5.31,5.52,5.0,5.04,5.04,1302000,0.0,0.9839228295819936
133,2016-02-16,5.06,5.72,4.855,4.96,4.96,1485500,0.0,0.9967320261437908
134,2016-02-17,5.04,5.97,5.02,5.33,5.33,1618400,0.0,0.9136612021857924
135,2016-02-18,5.45,5.935,5.24,5.63,5.63,1167400,0.0,0.965311004784689
136,2016-02-19,5.57,5.72,5.22,5.41,5.41,954100,0.0,1.0185873605947957
137,2016-02-22,5.5,5.69,5.03,5.06,5.06,634900,0.0,1.0647810218978102
138,2016-02-23,5.08,5.27,4.97,5.16,5.16,694900,0.0,1.0445586975149959
139,2016-02-24,5.09,5.26,4.9,5.06,5.06,644500,0.0,1.0265244736122503
140,2016-02-25,5.08,5.47,5.08,5.3,5.3,463100,0.0,0.9861481086840703
141,2016-02-26,5.37,5.65,5.33,5.51,5.51,500200,0.0,0.9881145326850351
142,2016-02-29,5.59,5.83,5.5,5.62,5.62,671200,0.0,1.064516129032258
143,2016-03-01,5.67,5.85,5.13,5.47,5.47,1059400,0.0,1.0652285567539803
144,2016-03-02,5.49,6.6,5.36,6.1,6.1,1695400,0.0,0.9344262295081968
145,2016-03-03,6.04,6.6,6.0,6.4,6.4,1337900,0.0,1.0023219814241486
146,2016-03-04,6.5,6.75,6.12,6.21,6.21,1447300,0.0,1.0084942084942086
147,2016-03-07,6.22,6.84,6.2,6.6,6.6,1491100,0.0,0.9310872894333844
148,2016-03-08,6.66,6.78,6.53,6.68,6.68,638500,0.0,0.9254385964912283
149,2016-03-09,6.74,6.87,6.25,6.65,6.65,977900,0.0,0.9206161137440756
150,2016-03-10,6.87,7.24,6.7,7.15,7.15,1567600,0.0,0.9459459459459459
151,2016-03-11,6.16,6.56,6.01,6.355,6.355,3284400,0.0,0.9551020408163265
152,2016-03-14,6.38,6.79,6.15,6.36,6.36,1475100,0.0,1.0587606837606838
153,2016-03-15,6.26,6.465,6.2,6.31,6.31,742200,0.0,0.9828456104944501
154,2016-03-16,6.23,6.66,6.21,6.63,6.63,582700,0.0,1.02258726899384
155,2016-03-17,6.65,6.95,6.617,6.895,6.895,603800,0.0,0.9745649263721551
156,2016-03-18,6.99,7.08,6.62,6.69,6.69,3078600,0.0,1.0260989010989015
157,2016-03-21,6.89,6.89,6.54,6.72,6.72,647500,0.0,1.0140562248995983
158,2016-03-22,6.73,6.768,6.5,6.57,6.57,729300,0.0,1.0574257425742573
159,2016-03-23,6.51,6.59,6.18,6.36,6.36,1044500,0.0,0.9709737827715357
160,2016-03-24,6.13,6.33,6.0,6.24,6.24,828300,0.0,0.9765348762455801
161,2016-03-28,6.31,6.51,6.21,6.47,6.47,717800,0.0,1.0506912442396314
162,2016-03-29,6.41,6.55,6.24,6.4,6.4,839500,0.0,1.0457393483709272
163,2016-03-30,6.42,6.6,6.42,6.47,6.47,872000,0.0,1.0515278609946077
164,2016-03-31,6.48,6.54,6.25,6.48,6.48,702400,0.0,0.9264957264957264
165,2016-04-01,6.37,6.53,6.29,6.44,6.44,546700,0.0,1.006457564575646
166,2016-04-04,6.47,6.53,6.28,6.3,6.3,816300,0.0,1.0403299725022914
167,2016-04-05,6.3,6.6,6.19,6.57,6.57,882600,0.0,0.9515418502202646
168,2016-04-06,6.6,7.0,6.565,6.965,6.965,820300,0.0,
169,2016-04-07,6.97,7.18,6.63,6.78,6.78,835000,0.0,
170,2016-04-08,6.9,6.98,6.66,6.75,6.75,997700,0.0,0.9725274725274723
171,2016-04-11,6.69,6.89,6.65,6.74,6.74,711700,0.0,1.0743879472693032
172,2016-04-12,6.72,6.885,6.655,6.74,6.74,365500,0.0,1.0175284837861525
173,2016-04-13,6.68,6.9,6.68,6.87,6.87,325900,0.0,1.0051679586563307
174,2016-04-14,6.83,7.367,6.83,7.15,7.15,645400,0.0,1.0751213938874606
175,2016-04-15,7.1,7.27,6.97,7.04,7.04,411600,0.0,
176,2016-04-18,6.99,7.18,6.87,7.09,7.09,946100,0.0,
177,2016-04-19,7.15,7.23,6.99,7.02,7.02,1297200,0.0,0.9762036524626453
178,2016-04-20,6.99,7.38,6.96,7.27,7.27,668600,0.0,0.9631519274376419
179,2016-04-21,7.3,7.9,7.26,7.76,7.76,984700,0.0,0.9932313125367862
180,2016-04-22,7.82,8.04,7.71,7.91,7.91,1106300,0.0,0.9368888888888888
181,2016-04-25,7.9,8.02,7.55,7.6,7.6,444900,0.0,1.058823529411765
182,2016-04-26,7.56,7.76,7.4,7.7,7.7,321400,0.0,0.9982078853046594
183,2016-04-27,7.72,8.41,7.605,8.39,8.39,825600,0.0,1.0209455415918613
184,2016-04-28,8.25,8.45,7.965,8.02,8.02,704900,0.0,1.0533411488862836
185,2016-04-29,8.02,8.02,7.689,7.88,7.88,473300,0.0,1.01669449081803
186,2016-05-02,7.83,8.08,7.49,7.97,7.97,1208100,0.0,0.9852216748768473
187,2016-05-03,7.93,8.08,7.531,7.59,7.59,580600,0.0,1.0033333333333332
188,2016-05-04,7.64,7.91,7.44,7.47,7.47,1051100,0.0,0.9739756367663345
189,2016-05-05,7.52,7.77,7.21,7.27,7.27,1170100,0.0,1.0096645821489483
190,2016-05-06,7.25,7.54,7.19,7.5,7.5,498500,0.0,0.9453828828828829
191,2016-05-09,7.52,7.55,7.16,7.39,7.39,611200,0.0,0.9666468135795117
192,2016-05-10,7.07,7.2,6.3,6.37,6.37,1710800,0.0,0.9710412815773258
193,2016-05-11,6.36,6.65,6.35,6.37,6.37,682500,0.0,0.9803299492385789
194,2016-05-12,6.39,6.53,6.09,6.15,6.15,664400,0.0,0.9563106796116504
195,2016-05-13,7.17,7.17,6.4,6.61,6.61,3046200,0.0,1.0186125211505923
196,2016-05-16,6.34,6.46,5.89,6.35,6.35,3101700,0.0,0.9767441860465117
197,2016-05-17,6.1,6.34,5.8,6.02,6.02,3680400,0.0,0.9945578231292518
198,2016-05-18,5.98,6.18,5.83,6.04,6.04,1458700,0.0,1.0075239398084814
199,2016-05-19,6.0,6.15,5.92,6.08,6.08,950900,0.0,1.0373387644263408
200,2016-05-20,6.07,6.15,5.98,6.11,6.11,795000,0.0,1.042539267015707
201,2016-05-23,6.06,6.45,6.0,6.35,6.35,930900,0.0,0.9887005649717513
202,2016-05-24,6.39,6.49,6.22,6.34,6.34,668100,0.0,0.9873015873015873
203,2016-05-25,6.34,6.37,6.23,6.29,6.29,863900,0.0,1.0688102893890674
204,2016-05-26,6.3,6.44,6.26,6.36,6.36,386200,0.0,0.963898916967509
205,2016-05-27,6.41,6.68,6.302,6.41,6.41,1339500,0.0,
206,2016-05-31,6.37,6.6,6.22,6.34,6.34,1146900,0.0,
207,2016-06-01,6.29,6.29,6.15,6.24,6.24,580400,0.0,0.9814696485623003
208,2016-06-02,6.23,6.31,6.15,6.31,6.31,388800,0.0,1.0439453125
209,2016-06-03,6.3,6.31,6.02,6.07,6.07,568400,0.0,0.9940754599314001
210,2016-06-06,6.1,6.535,6.1,6.44,6.44,775700,0.0,1.012547051442911
211,2016-06-07,6.38,6.46,6.25,6.43,6.43,816700,0.0,0.908921933085502
212,2016-06-08,6.47,6.59,6.44,6.52,6.52,743800,0.0,0.9938650306748466
213,2016-06-09,6.49,6.59,6.39,6.43,6.43,405900,0.0,1.022633744855967
214,2016-06-10,6.4,6.51,6.24,6.3,6.3,831100,0.0,0.9929577464788734
215,2016-06-13,6.26,6.41,5.915,6.06,6.06,1096300,0.0,0.9934143870314082
216,2016-06-14,5.93,6.19,5.86,5.91,5.91,1169200,0.0,1.0035696073431923
217,2016-06-15,5.88,6.25,5.83,6.01,6.01,608200,0.0,0.9959349593495934
218,2016-06-16,5.97,6.11,5.9,6.03,6.03,637500,0.0,1.001360544217687
219,2016-06-17,6.06,6.34,5.98,6.02,6.02,1084000,0.0,1.0067934782608696
220,2016-06-20,6.0,6.33,6.0,6.18,6.18,643400,0.0,1.0182186234817812
221,2016-06-21,6.3,6.3,6.02,6.23,6.23,758700,0.0,1.0188866799204772
222,2016-06-22,6.34,6.38,5.83,5.9,5.9,984300,0.0,0.9775609756097561
223,2016-06-23,5.88,6.06,5.72,5.89,5.89,1192000,0.0,1.0432468396540253
224,2016-06-24,5.6,5.73,5.27,5.59,5.59,5804200,0.0,1.0408163265306123
225,2016-06-27,5.53,5.59,5.11,5.22,5.22,1572400,0.0,1.0104166666666667
226,2016-06-28,5.28,5.5,5.24,5.49,5.49,869800,0.0,1.04426925409339
227,2016-06-29,5.54,5.67,5.43,5.65,5.65,708200,0.0,1.0876887340301973
228,2016-06-30,5.65,5.95,5.622,5.93,5.93,717100,0.0,1.0731446876668447
229,2016-07-01,5.88,5.88,5.16,5.44,5.44,1900400,0.0,1.0238805970149252
230,2016-07-05,5.4,5.435,5.07,5.14,5.14,763500,0.0,1.04421768707483
231,2016-07-06,5.09,5.17,4.94,5.1,5.1,948500,0.0,1.0107026523964635
232,2016-07-07,5.13,5.3,5.01,5.14,5.14,786200,0.0,0.9357734806629835
233,2016-07-08,5.19,5.24,5.06,5.08,5.08,527600,0.0,1.0022140221402214
234,2016-07-11,5.11,5.2,4.9,5.09,5.09,844600,0.0,1.0220913107511047
235,2016-07-12,5.17,5.28,4.99,5.25,5.25,956800,0.0,1.0129682997118155
236,2016-07-13,5.25,5.29,5.05,5.12,5.12,616700,0.0,1.0064011379800852
237,2016-07-14,5.18,5.205,5.063,5.13,5.13,681800,0.0,1.0275618374558304
238,2016-07-15,5.17,5.2,4.97,5.07,5.07,807700,0.0,1.0398899587345254
239,2016-07-18,5.08,5.27,4.99,5.21,5.21,682800,0.0,0.9708994708994709
240,2016-07-19,5.21,5.3,5.07,5.15,5.15,472800,0.0,1.019073569482289
241,2016-07-20,5.16,5.3,5.15,5.27,5.27,639700,0.0,0.9875222816399286
242,2016-07-21,5.23,5.32,5.084,5.12,5.12,565600,0.0,0.9821750902527075
243,2016-07-22,5.12,5.15,5.05,5.13,5.13,328200,0.0,0.9972432804962095
244,2016-07-25,5.14,5.19,5.08,5.08,5.08,384400,0.0,0.9375719880211935
245,2016-07-26,5.05,5.24,5.05,5.08,5.08,843700,0.0,1.026044226044226
246,2016-07-27,5.06,5.275,5.06,5.26,5.26,768600,0.0,0.978448275862069
247,2016-07-28,5.21,5.25,5.08,5.11,5.11,605400,0.0,1.0058737151248165
248,2016-07-29,5.09,5.21,5.0,5.18,5.18,885200,0.0,0.9902676399026765
249,2016-08-01,5.18,5.18,5.0,5.07,5.07,1041600,0.0,1.0687960687960687
250,2016-08-02,5.1,5.15,4.97,5.0,5.0,801200,0.0,0.9489655172413793
251,2016-08-03,4.98,5.065,4.92,4.94,4.94,815000,0.0,0.9811046511627907
252,2016-08-04,4.95,5.03,4.9,4.96,4.96,855600,0.0,
253,2016-08-05,4.92,5.205,4.9,5.19,5.19,785800,0.0,
254,2016-08-08,5.23,5.58,5.23,5.56,5.56,1020300,0.0,0.9990539262062441
255,2016-08-09,5.57,5.69,5.45,5.5,5.5,663000,0.0,0.9796401515151514
256,2016-08-10,5.46,5.47,5.19,5.22,5.22,887200,0.0,0.984533591106815
257,2016-08-11,5.28,5.48,5.15,5.41,5.41,1751400,0.0,0.9197349042709868
258,2016-08-12,6.39,6.9,5.98,6.23,6.23,7569100,0.0,0.9116626634641045
259,2016-08-15,6.21,6.28,5.93,6.21,6.21,1978500,0.0,0.9115925058548011
260,2016-08-16,6.2,6.2,5.91,6.09,6.09,1956600,0.0,1.0635838150289016
261,2016-08-17,6.09,6.09,5.83,5.95,5.95,1185200,0.0,1.0054347826086956
262,2016-08-18,6.03,6.18,5.96,6.03,6.03,949200,0.0,1.0096096096096094
263,2016-08-19,6.03,6.04,5.95,5.98,5.98,647500,0.0,0.9922665080309342
264,2016-08-22,5.93,6.02,5.86,6.0,6.0,425200,0.0,0.9784172661870502
265,2016-08-23,6.01,6.125,5.95,6.1,6.1,737100,0.0,1.0036764705882353
266,2016-08-24,6.11,6.17,5.99,5.99,5.99,603300,0.0,1.0054945054945055
267,2016-08-25,5.99,6.08,5.91,6.0,6.0,832900,0.0,1.0042501517911353
268,2016-08-26,5.99,6.18,5.9,5.95,5.95,747400,0.0,1.0102781136638455
269,2016-08-29,5.97,6.095,5.94,6.0,6.0,514100,0.0,0.9712746858168761
270,2016-08-30,6.0,6.15,5.99,6.01,6.01,497400,0.0,1.022181146025878
271,2016-08-31,6.03,6.09,5.95,6.08,6.08,682800,0.0,1.0361663652802893
272,2016-09-01,6.1,6.15,5.91,6.06,6.06,676400,0.0,0.9936009307737054
273,2016-09-02,6.1,6.18,6.03,6.12,6.12,537300,0.0,1.076697892271663
274,2016-09-06,6.11,6.23,6.06,6.22,6.22,945400,0.0,0.9782490483958673
275,2016-09-07,6.19,6.23,6.07,6.11,6.11,766500,0.0,0.9722067815453029
276,2016-09-08,6.3,6.3,6.12,6.19,6.19,964500,0.0,1.047455688965123
277,2016-09-09,6.13,6.19,5.975,6.06,6.06,898300,0.0,0.9899017467248908
278,2016-09-12,6.02,6.2,5.95,6.1,6.1,581400,0.0,0.9875930521091811
279,2016-09-13,6.02,6.02,5.54,5.66,5.66,1669800,0.0,0.992462311557789
280,2016-09-14,5.62,5.83,5.475,5.54,5.54,1521300,0.0,1.0261603375527426
281,2016-09-15,5.56,5.63,5.41,5.52,5.52,1289100,0.0,0.9259868421052632
282,2016-09-16,5.47,5.575,5.25,5.38,5.38,2725000,0.0,0.966252220248668
283,2016-09-19,5.38,5.48,5.35,5.42,5.42,733300,0.0,1.017769607843137
284,2016-09-20,5.46,5.5,5.281,5.45,5.45,877600,0.0,1.02950030102348
285,2016-09-21,5.47,5.69,5.45,5.57,5.57,1109300,0.0,1.0078947368421052
286,2016-09-22,5.6,5.75,5.52,5.75,5.75,996100,0.0,1.0217580504786772
287,2016-09-23,5.79,5.95,5.775,5.92,5.92,892100,0.0,1.0340715502555367
288,2016-09-26,5.92,6.1,5.865,6.03,6.03,982500,0.0,0.9945085118066995
289,2016-09-27,6.01,6.16,5.99,6.16,6.16,1020800,0.0,0.9972390944229708
290,2016-09-28,6.23,6.29,6.08,6.23,6.23,958700,0.0,0.972591362126246
291,2016-09-29,6.25,6.35,6.13,6.24,6.24,1023600,0.0,1.022203245089667
292,2016-09-30,6.29,6.34,6.15,6.3,6.3,1731400,0.0,0.9891395154553049
293,2016-10-03,6.31,6.38,6.05,6.17,6.17,994900,0.0,1.0202702702702702
294,2016-10-04,6.21,6.24,5.9,5.91,5.91,1015300,0.0,1.001655629139073
295,2016-10-05,5.92,6.28,5.9,6.26,6.26,917600,0.0,1.0099173553719007
296,2016-10-06,6.35,6.4,6.06,6.12,6.12,687000,0.0,1.0409165302782326
297,2016-10-07,6.47,6.75,6.26,6.49,6.49,4809600,0.0,0.9551886792452828
298,2016-10-10,6.55,7.09,6.51,6.91,6.91,2904400,0.0,0.9761316872427984
299,2016-10-11,7.0,7.34,6.84,7.02,7.02,2300500,0.0,1.0497470489038785
300,2016-10-12,7.01,7.23,6.735,6.81,6.81,1415300,0.0,1.0200803212851404
301,2016-10-13,6.75,6.798,6.46,6.54,6.54,1602900,0.0,1.0488188976377955
302,2016-10-14,6.6,6.67,6.36,6.38,6.38,1378500,0.0,0.9544544544544544
303,2016-10-17,6.36,6.555,6.33,6.42,6.42,908000,0.0,0.9155742003146304
304,2016-10-18,6.5,6.64,6.4,6.53,6.53,824100,0.0,0.9564719358533791
305,2016-10-19,6.57,6.783,6.51,6.65,6.65,743400,0.0,0.9610778443113772
306,2016-10-20,6.64,6.74,6.52,6.67,6.67,704900,0.0,1.1186915887850466
307,2016-10-21,6.62,6.68,6.19,6.27,6.27,2502900,0.0,1.0988582567529939
308,2016-10-24,6.29,6.341,6.01,6.08,6.08,1243000,0.0,
309,2016-10-25,6.07,6.15,5.96,5.98,5.98,804400,0.0,
310,2016-10-26,5.95,5.996,5.53,5.53,5.53,2002600,0.0,1.005615234375
311,2016-10-27,5.65,5.708,5.35,5.37,5.37,1623200,0.0,0.9949016751638748
312,2016-10-28,5.36,5.53,5.12,5.18,5.18,1056600,0.0,1.0248901903367496
313,2016-10-31,5.18,5.3,5.03,5.21,5.21,1421300,0.0,1.045
314,2016-11-01,5.2,5.3,4.85,4.86,4.86,2180500,0.0,0.9487354750512647
315,2016-11-02,4.87,4.906,4.59,4.63,4.63,1768500,0.0,1.037463976945245
316,2016-11-03,4.84,4.84,4.57,4.65,4.65,1738500,0.0,1.036111111111111
317,2016-11-04,4.64,4.9,4.61,4.71,4.71,1793200,0.0,1.0268096514745308
318,2016-11-07,4.93,5.04,4.86,4.92,4.92,1454600,0.0,1.0583115752828547
319,2016-11-08,5.02,5.09,4.883,4.99,4.99,1420800,0.0,1.0423519736842104
320,2016-11-09,4.18,4.85,4.15,4.79,4.79,2527600,0.0,1.0349112426035505
321,2016-11-10,4.49,4.775,4.44,4.71,4.71,1542700,0.0,1.0074328187535733
322,2016-11-11,5.21,5.5,4.96,5.11,5.11,4071400,0.0,1.0306469920544836
323,2016-11-14,5.12,5.19,4.93,4.98,4.98,1926100,0.0,1.0616740088105727
324,2016-11-15,5.01,5.083,4.76,4.91,4.91,1608300,0.0,0.883817427385892
325,2016-11-16,4.84,4.86,4.71,4.85,4.85,1205800,0.0,0.9651799687010957
326,2016-11-17,4.82,4.85,4.71,4.8,4.8,987100,0.0,1.0318200243210376
327,2016-11-18,4.83,5.02,4.83,4.98,4.98,1175600,0.0,1.0241602828520922
328,2016-11-21,5.06,5.1,4.76,4.82,4.82,1478300,0.0,1.046797084771768
329,2016-11-22,5.02,5.18,4.89,5.05,5.05,1815700,0.0,0.9695859289116894
330,2016-11-23,5.02,5.3,4.98,5.28,5.28,1293500,0.0,1.0185185185185186
331,2016-11-25,5.33,5.42,5.18,5.34,5.34,650200,0.0,1.0296846011131724
332,2016-11-28,5.41,5.6,5.3,5.38,5.38,1473300,0.0,0.9859459459459459
333,2016-11-29,5.38,5.445,4.96,4.99,4.99,1661000,0.0,0.9797149122807018
334,2016-11-30,5.09,5.29,5.06,5.1,5.1,1020900,0.0,1.0498041410184666
335,2016-12-01,5.13,5.23,4.89,5.0,5.0,1059900,0.0,1.1378820184790335
336,2016-12-02,5.05,5.12,4.95,5.09,5.09,1256000,0.0,1.0202998126171146
337,2016-12-05,5.1,5.33,5.08,5.32,5.32,1359000,0.0,0.9902050811141719
338,2016-12-06,5.33,5.47,5.24,5.46,5.46,984700,0.0,1.0182380216383309
339,2016-12-07,5.47,5.7,5.431,5.58,5.58,1628000,0.0,0.9921068609593199
340,2016-12-08,5.62,5.79,5.58,5.65,5.65,1523100,0.0,1.0061199510403918
341,2016-12-09,5.69,5.86,5.65,5.85,5.85,1345900,0.0,1.0036496350364963
342,2016-12-12,5.87,5.95,5.61,5.65,5.65,1647900,0.0,1.0869696969696971
343,2016-12-13,5.69,5.7,5.25,5.37,5.37,1717500,0.0,1.0303875104544187
344,2016-12-14,5.39,5.41,5.17,5.24,5.24,1011800,0.0,1.0192099567099566
345,2016-12-15,5.23,5.39,5.19,5.32,5.32,602300,0.0,1.0106185293336873
346,2016-12-16,5.35,5.62,5.33,5.59,5.59,1319500,0.0,1.053585500394011
347,2016-12-19,5.58,5.84,5.52,5.8,5.8,874500,0.0,1.0400149588631264
348,2016-12-20,5.8,5.89,5.47,5.55,5.55,951200,0.0,0.9924487594390506
349,2016-12-21,5.56,5.74,5.5,5.53,5.53,748400,0.0,1.0004830917874394
350,2016-12-22,5.54,5.54,5.35,5.44,5.44,549600,0.0,0.9741670690487688
351,2016-12-23,5.41,5.423,5.22,5.23,5.23,996500,0.0,0.982651796778191
352,2016-12-27,5.23,5.62,5.205,5.61,5.61,1091100,0.0,0.9949558638083227
353,2016-12-28,5.64,5.68,5.38,5.44,5.44,1035400,0.0,1.0779467680608366
354,2016-12-29,5.43,5.58,5.31,5.33,5.33,958500,0.0,1.0751322751322752
355,2016-12-30,5.31,5.365,5.25,5.31,5.31,700200,0.0,1.0413385826771653
356,2017-01-03,5.39,5.6,5.36,5.59,5.59,1091200,0.0,1.0012602394454948
357,2017-01-04,5.6,5.85,5.57,5.82,5.82,1506000,0.0,1.0031466331025802
358,2017-01-05,5.82,5.85,5.71,5.81,5.81,771900,0.0,0.9573400250941029
359,2017-01-06,5.82,5.88,5.64,5.8,5.8,542200,0.0,0.9423328964613369
360,2017-01-09,5.77,5.85,5.62,5.67,5.67,717100,0.0,1.0289754288363466
361,2017-01-10,5.86,6.01,5.74,6.0,6.0,1072700,0.0,1.0083352106330254
362,2017-01-11,6.01,6.5,5.93,6.4,6.4,2407500,0.0,0.9380026809651475
363,2017-01-12,6.35,6.35,6.04,6.17,6.17,1160200,0.0,1.022508038585209
364,2017-01-13,6.18,6.37,6.15,6.25,6.25,943600,0.0,0.9720475192173306
365,2017-01-17,6.22,6.36,6.14,6.16,6.16,877600,0.0,1.022046489336209
366,2017-01-18,6.16,6.25,6.08,6.1,6.1,646400,0.0,0.9348182883939038
367,2017-01-19,6.12,6.17,5.78,5.81,5.81,1376900,0.0,0.9939804364183598
368,2017-01-20,5.81,5.89,5.75,5.88,5.88,447100,0.0,0.9977289931869795
369,2017-01-23,5.88,5.88,5.5,5.59,5.59,1198200,0.0,1.0569044006069803
370,2017-01-24,5.6,5.7,5.5,5.65,5.65,628300,0.0,1.0062215841110314
371,2017-01-25,5.7,5.88,5.7,5.75,5.75,768000,0.0,0.9966706302021404
372,2017-01-26,5.77,5.88,5.65,5.7,5.7,504100,0.0,0.954664757814364
373,2017-01-27,5.72,5.78,5.5,5.55,5.55,994600,0.0,0.9837540614846289
374,2017-01-30,5.51,5.52,5.21,5.25,5.25,1095000,0.0,0.9687500000000001
375,2017-01-31,5.22,5.3,5.11,5.29,5.29,907900,0.0,0.9673485444531864
376,2017-02-01,5.26,5.58,5.26,5.57,5.57,954300,0.0,1.002440016266775
377,2017-02-02,5.53,5.589,5.45,5.51,5.51,582800,0.0,1.06342123056119
378,2017-02-03,5.52,5.66,5.5,5.66,5.66,712100,0.0,0.9582909460834181
379,2017-02-06,5.61,5.61,5.48,5.57,5.57,479400,0.0,1.0212314225053079
380,2017-02-07,5.57,5.63,5.5,5.59,5.59,333700,0.0,0.9745322245322244
381,2017-02-08,5.57,5.79,5.53,5.74,5.74,739200,0.0,0.9997333333333335
382,2017-02-09,5.76,5.78,5.7,5.73,5.73,621900,0.0,0.9806615097359294
383,2017-02-10,5.79,6.08,5.75,5.99,5.99,1384800,0.0,1.0518155854753164
384,2017-02-13,6.03,6.15,6.01,6.06,6.06,627100,0.0,0.9806051202482544
385,2017-02-14,6.04,6.06,5.9,6.04,6.04,843900,0.0,0.9485759493670886
386,2017-02-15,6.02,6.18,5.96,6.17,6.17,907500,0.0,0.9644147901028635
387,2017-02-16,6.15,6.15,5.93,6.04,6.04,841300,0.0,1.0567886999135199
388,2017-02-17,6.05,6.06,5.85,5.96,5.96,1318600,0.0,1.0534642662302238
389,2017-02-21,6.0,6.14,5.93,6.02,6.02,1624400,0.0,0.9884774728120145
390,2017-02-22,6.0,6.0,5.72,5.83,5.83,1211600,0.0,0.9889980353634578
391,2017-02-23,5.84,5.98,5.81,5.91,5.91,754200,0.0,0.9283538604158388
392,2017-02-24,5.85,5.95,5.81,5.85,5.85,559900,0.0,0.9843081312410843
393,2017-02-27,5.85,5.95,5.806,5.92,5.92,1003600,0.0,1.0672463768115943
394,2017-02-28,5.9,5.92,5.67,5.69,5.69,761300,0.0,1.068984247691472
395,2017-03-01,5.75,5.8,5.51,5.62,5.62,1451000,0.0,0.9862804878048781
396,2017-03-02,5.6,5.7,5.45,5.48,5.48,1023100,0.0,0.9617465224111283
397,2017-03-03,5.5,5.63,5.4,5.41,5.41,1000100,0.0,0.987143431096826
398,2017-03-06,5.41,5.41,5.21,5.25,5.25,1394400,0.0,1.0522317188983856
399,2017-03-07,5.3,5.351,5.19,5.27,5.27,1360000,0.0,0.9894275399690561
400,2017-03-08,5.4,5.47,5.16,5.24,5.24,2574500,0.0,0.9417513682564504
401,2017-03-09,5.02,5.49,5.0,5.24,5.24,3285500,0.0,1.0311332503113324
402,2017-03-10,5.3,5.3,5.04,5.06,5.06,1860700,0.0,1.1183574879227054
403,2017-03-13,5.06,5.07,4.92,4.96,4.96,1408300,0.0,1.056515478761699
404,2017-03-14,4.93,4.948,4.79,4.89,4.89,1145200,0.0,0.9945485519591141
405,2017-03-15,4.9,5.01,4.85,5.0,5.0,892200,0.0,0.9787598492634465
406,2017-03-16,5.01,5.18,4.98,5.1,5.1,1019600,0.0,0.9898494924746237
407,2017-03-17,5.1,5.11,4.92,4.95,4.95,1597000,0.0,1.0087223008015087
408,2017-03-20,4.93,4.95,4.82,4.9,4.9,885300,0.0,0.9128301004907688
409,2017-03-21,4.92,4.99,4.8,4.8,4.8,963300,0.0,0.9587813620071685
410,2017-03-22,5.05,5.1,4.85,4.98,4.98,1730800,0.0,0.8563417890520696
411,2017-03-23,4.98,5.04,4.82,4.84,4.84,882400,0.0,0.9840972871842842
412,2017-03-24,4.85,4.99,4.82,4.91,4.91,937400,0.0,1.035171102661597
413,2017-03-27,4.88,4.98,4.86,4.94,4.94,811200,0.0,1.0
414,2017-03-28,4.91,5.09,4.91,5.08,5.08,817100,0.0,0.9531680440771348
415,2017-03-29,5.06,5.295,5.04,5.26,5.26,747900,0.0,1.0000000000000002
416,2017-03-30,5.27,5.295,5.15,5.22,5.22,737800,0.0,1.0513808606294155
417,2017-03-31,5.23,5.43,5.23,5.4,5.4,1252100,0.0,1.061087354917532
418,2017-04-03,5.37,5.37,5.17,5.28,5.28,855600,0.0,1.0133851468048358
419,2017-04-04,5.25,5.3,5.18,5.22,5.22,971000,0.0,1.02030961511149
420,2017-04-05,5.27,5.345,5.01,5.03,5.03,784700,0.0,
421,2017-04-06,5.02,5.18,4.95,5.18,5.18,976800,0.0,
422,2017-04-07,5.16,5.34,5.04,5.34,5.34,824000,0.0,1.0240828899467935
423,2017-04-10,5.31,5.62,5.21,5.54,5.54,1241400,0.0,1.0082034454470878
424,2017-04-11,5.6,5.61,5.28,5.46,5.46,1145200,0.0,1.0829943043124493
425,2017-04-12,5.44,5.47,5.3,5.33,5.33,812400,0.0,1.0360631104432756
426,2017-04-13,5.32,5.39,5.18,5.23,5.23,712000,0.0,1.0541455160744502
427,2017-04-17,5.24,5.33,5.205,5.3,5.3,670600,0.0,1.0249942673698693
428,2017-04-18,5.25,5.25,5.07,5.19,5.19,1132300,0.0,1.010738255033557
429,2017-04-19,5.2,5.39,5.12,5.16,5.16,845200,0.0,1.0132802124833997
430,2017-04-20,5.18,5.259,5.11,5.12,5.12,523500,0.0,1.0134338138925294
431,2017-04-21,5.11,5.18,5.08,5.12,5.12,558200,0.0,1.0126091173617846
432,2017-04-24,5.21,5.31,5.15,5.27,5.27,748500,0.0,1.0009578544061304
433,2017-04-25,5.33,5.48,5.265,5.42,5.42,1238400,0.0,1.0007442849548114
434,2017-04-26,5.41,5.495,5.31,5.32,5.32,725100,0.0,1.0390989587760304
435,2017-04-27,5.31,5.39,5.17,5.33,5.33,784300,0.0,0.9327198936228973
436,2017-04-28,5.34,5.39,5.265,5.29,5.29,482200,0.0,0.9688664766498575
437,2017-05-01,5.28,5.393,5.22,5.38,5.38,854700,0.0,1.0029418420457117
438,2017-05-02,5.36,5.43,5.19,5.21,5.21,920800,0.0,0.9930054151624549
439,2017-05-03,5.15,5.21,4.72,4.75,4.75,3389000,0.0,1.005794137695978
440,2017-05-04,5.0,5.025,4.59,4.71,4.71,1941100,0.0,0.998531571218796
441,2017-05-05,4.64,4.88,4.6,4.86,4.86,1158200,0.0,0.955656108597285
442,2017-05-08,4.81,4.95,4.81,4.92,4.92,657100,0.0,1.011600378787879
443,2017-05-09,4.92,4.96,4.84,4.9,4.9,754800,0.0,0.987128481160777
444,2017-05-10,4.88,5.15,4.85,5.09,5.09,1416700,0.0,1.0258416311047889
445,2017-05-11,5.12,5.21,4.86,5.0,5.0,1871800,0.0,1.0420614744626764
446,2017-05-12,4.96,5.01,4.81,4.87,4.87,1104900,0.0,1.009647371922821
447,2017-05-15,4.91,5.08,4.87,4.905,4.905,857200,0.0,1.0407468423942887
448,2017-05-16,4.9,4.96,4.84,4.9,4.9,653700,0.0,0.9890249050232166
449,2017-05-17,4.81,4.92,4.76,4.81,4.81,1032400,0.0,1.0426803243704652
450,2017-05-18,4.79,4.91,4.73,4.9,4.9,773200,0.0,
451,2017-05-19,4.91,5.1,4.88,5.05,5.05,1201000,0.0,
452,2017-05-22,4.88,5.0,4.83,4.9,4.9,1180300,0.0,1.0235612387495239
453,2017-05-23,4.91,5.01,4.79,4.89,4.89,975700,0.0,0.9503379077284748
454,2017-05-24,4.89,5.035,4.846,4.92,4.92,968200,0.0,0.964337279870252
455,2017-05-25,4.95,4.97,4.8,4.91,4.91,1251300,0.0,1.055579243266353
456,2017-05-26,4.89,4.99,4.882,4.94,4.94,716800,0.0,0.9898745032325539
457,2017-05-30,4.97,5.092,4.85,5.02,5.02,1406100,0.0,0.9249181669394436
458,2017-05-31,5.01,5.105,4.87,5.04,5.04,1053000,0.0,0.9699181596991816
459,2017-06-01,5.05,5.17,4.99,5.13,5.13,979800,0.0,1.0901938426453819
460,2017-06-02,5.15,5.23,5.12,5.12,5.12,705300,0.0,1.014433668026357
461,2017-06-05,5.1,5.13,4.96,5.0,5.0,553500,0.0,0.9854624089453837
462,2017-06-06,4.95,5.1,4.91,5.02,5.02,899200,0.0,
463,2017-06-07,5.02,5.06,4.86,4.93,4.93,983900,0.0,
464,2017-06-08,4.93,5.4,4.89,5.34,5.34,2161000,0.0,0.9991492981709912
465,2017-06-09,5.36,5.5,5.34,5.41,5.41,1038000,0.0,1.0232013622818221
466,2017-06-12,5.4,5.56,5.33,5.44,5.44,827400,0.0,1.0150822030372373
467,2017-06-13,5.46,5.555,5.425,5.48,5.48,811100,0.0,1.0178296643765858
468,2017-06-14,5.5,5.52,5.34,5.49,5.49,628000,0.0,0.9998992852109131
469,2017-06-15,5.38,5.59,5.38,5.52,5.52,626600,0.0,1.032420500701591
470,2017-06-16,5.48,5.75,5.47,5.74,5.74,1494600,0.0,1.0782133801443339
471,2017-06-19,5.76,5.91,5.7,5.85,5.85,971200,0.0,1.0050651230101302
472,2017-06-20,5.99,6.5,5.93,6.36,6.36,3838900,0.0,0.9964002519798415
473,2017-06-21,6.26,6.59,6.19,6.52,6.52,2486100,0.0,1.0122832735651472
474,2017-06-22,6.54,6.71,6.47,6.65,6.65,2013800,0.0,1.0749464668094217
475,2017-06-23,6.61,6.785,6.5,6.75,6.75,4004100,0.0,1.0067230577689243
476,2017-06-26,6.76,7.0,6.74,6.83,6.83,1734700,0.0,0.9804601029166512
477,2017-06-27,6.79,7.0,6.771,6.89,6.89,1456800,0.0,0.9989909014463505
478,2017-06-28,6.96,7.22,6.86,7.1,7.1,1891500,0.0,1.0055555724841005
479,2017-06-29,7.12,7.32,7.09,7.27,7.27,1898100,0.0,1.010045153189352
480,2017-06-30,7.27,7.35,7.07,7.12,7.12,1663700,0.0,0.9883143206521294
481,2017-07-03,7.12,7.3,7.06,7.24,7.24,834800,0.0,0.9730817610062893
482,2017-07-05,7.21,7.24,6.5,6.8,6.8,1860400,0.0,0.9688038779731126
483,2017-07-06,6.77,7.0,6.61,6.75,6.75,752300,0.0,0.9948407045927646
484,2017-07-07,6.73,6.83,6.65,6.79,6.79,777100,0.0,1.0336194939352374
485,2017-07-10,6.81,7.0,6.81,6.89,6.89,727900,0.0,1.0115917130033167
486,2017-07-11,6.9,6.99,6.831,6.87,6.87,831100,0.0,0.9762270908158032
487,2017-07-12,6.91,7.07,6.86,7.06,7.06,1113100,0.0,0.9223896871895474
488,2017-07-13,7.08,7.18,6.95,6.99,6.99,1023200,0.0,0.9159543613688217
489,2017-07-14,7.0,7.16,6.99,7.07,7.07,835500,0.0,0.9374805890351661
490,2017-07-17,7.05,7.135,6.98,7.01,7.01,466400,0.0,1.046449900464499
491,2017-07-18,7.0,7.2,6.895,7.14,7.14,1127300,0.0,0.9936588459099557
492,2017-07-19,7.14,7.305,7.135,7.27,7.27,988000,0.0,0.9355456285896618
493,2017-07-20,7.31,7.321,7.14,7.25,7.25,709000,0.0,1.0195543428831286
494,2017-07-21,7.28,7.34,7.14,7.29,7.29,792800,0.0,1.0202943800178412
495,2017-07-24,7.35,7.59,7.32,7.56,7.56,1374800,0.0,0.9698360655737704
496,2017-07-25,7.59,7.64,7.35,7.35,7.35,1002600,0.0,1.0290736984448954
497,2017-07-26,7.35,7.48,7.25,7.3,7.3,819300,0.0,0.9822601839684625
498,2017-07-27,7.3,7.54,7.26,7.37,7.37,1294100,0.0,1.0345596432552955
499,2017-07-28,7.42,7.5,7.3,7.48,7.48,1014700,0.0,1.031896551724138
500,2017-07-31,7.46,7.56,7.29,7.53,7.53,780300,0.0,1.0716374269005848
501,2017-08-01,7.53,7.55,7.355,7.44,7.44,629800,0.0,1.016176125511596
502,2017-08-02,7.4,7.4,6.95,7.19,7.19,962100,0.0,0.984464987598676
503,2017-08-03,7.25,7.385,7.195,7.24,7.24,745100,0.0,0.9684394417950679
504,2017-08-04,7.28,7.37,7.22,7.27,7.27,578500,0.0,1.0081472946347734
505,2017-08-07,7.25,7.48,7.24,7.42,7.42,1052200,0.0,0.9484186371345905
506,2017-08-08,6.9,7.3,6.5,7.05,7.05,2944500,0.0,1.023774395118872
507,2017-08-09,6.95,6.96,6.75,6.84,6.84,1254100,0.0,1.0225031045521848
508,2017-08-10,6.8,6.86,6.52,6.69,6.69,1469300,0.0,1.0385891584198235
509,2017-08-11,6.65,6.84,6.6,6.82,6.82,614900,0.0,0.9992742525609796
510,2017-08-14,6.85,7.1,6.82,6.96,6.96,591900,0.0,0.9819414277010341
511,2017-08-15,6.97,7.07,6.87,6.94,6.94,605800,0.0,1.0087762155364601
512,2017-08-16,6.92,7.08,6.79,6.84,6.84,490100,0.0,0.9161290859899757
513,2017-08-17,6.8,6.94,6.64,6.65,6.65,591400,0.0,0.9756722151088348
514,2017-08-18,6.6,6.9,6.51,6.85,6.85,840600,0.0,1.0430883639545057
515,2017-08-21,6.83,6.89,6.7,6.7,6.7,343800,0.0,0.9791360872300272
516,2017-08-22,6.73,6.855,6.68,6.71,6.71,377400,0.0,0.9593639575971731
517,2017-08-23,6.68,6.99,6.6,6.94,6.94,1064200,0.0,0.9902338300128356
518,2017-08-24,7.23,7.78,7.1,7.59,7.59,3045400,0.0,0.9758791704238052
519,2017-08-25,7.47,7.55,6.83,6.91,6.91,2386400,0.0,0.9853314853314854
520,2017-08-28,6.94,7.03,6.82,6.93,6.93,832900,0.0,1.0345797679052866
521,2017-08-29,6.87,6.91,6.685,6.83,6.83,799300,0.0,0.9533197371402673
522,2017-08-30,6.8,6.908,6.71,6.78,6.78,662700,0.0,0.9594723080579985
523,2017-08-31,6.81,6.86,6.64,6.7,6.7,1009300,0.0,1.0234113712374582
524,2017-09-01,6.71,6.79,6.52,6.77,6.77,764600,0.0,1.0119825708061003
525,2017-09-05,6.75,6.94,6.72,6.92,6.92,1106100,0.0,0.9723717258701112
526,2017-09-06,6.92,7.17,6.854,7.07,7.07,936200,0.0,0.9857318573185732
527,2017-09-07,7.09,7.21,7.04,7.15,7.15,836400,0.0,1.0197154978787122
528,2017-09-08,7.15,7.2,6.98,7.04,7.04,1009000,0.0,0.9730788056779246
529,2017-09-11,7.0,7.08,6.73,6.92,6.92,729300,0.0,1.0604879275653925
530,2017-09-12,6.92,7.02,6.85,6.94,6.94,610700,0.0,1.015652792600498
531,2017-09-13,6.92,6.95,6.83,6.83,6.83,511500,0.0,1.0234676007005254
532,2017-09-14,6.82,6.94,6.785,6.86,6.86,550100,0.0,0.9856262833675565
533,2017-09-15,6.88,6.92,6.625,6.72,6.72,1590700,0.0,1.0118055555555556
534,2017-09-18,6.75,6.8,6.44,6.44,6.44,1486300,0.0,0.9718599862731641
535,2017-09-19,6.42,6.43,6.015,6.05,6.05,2541900,0.0,0.9728107344632768
536,2017-09-20,6.09,6.24,6.0,6.02,6.02,1348300,0.0,1.0364791288566242
537,2017-09-21,5.99,6.04,4.21,5.47,5.47,3131300,0.0,1.0183855717037296
538,2017-09-22,5.46,5.81,5.1,5.59,5.59,2865600,0.0,1.0213204951856947
539,2017-09-25,5.6,5.614,5.129,5.19,5.19,1728700,0.0,1.0262626262626262
540,2017-09-26,5.17,5.54,5.16,5.4,5.4,1381800,0.0,1.0293088363954506
541,2017-09-27,5.4,5.71,5.39,5.63,5.63,1128100,0.0,1.0951976200594984
542,2017-09-28,5.6,5.61,5.4,5.53,5.53,1115100,0.0,0.9959255238649594
543,2017-09-29,5.51,5.69,5.47,5.55,5.55,708000,0.0,0.9861192289269658
544,2017-10-02,5.49,5.565,5.41,5.53,5.53,766500,0.0,0.9865164620976006
545,2017-10-03,5.56,5.66,5.52,5.65,5.65,729300,0.0,1.0305397726206003
546,2017-10-04,5.64,5.72,5.54,5.63,5.63,664600,0.0,1.022541798579798
547,2017-10-05,5.62,5.72,5.49,5.54,5.54,698800,0.0,1.0712655983695019
548,2017-10-06,5.5,5.66,5.5,5.58,5.58,404000,0.0,1.0085152387531533
549,2017-10-09,5.58,5.68,5.43,5.43,5.43,495500,0.0,1.0798591690487684
550,2017-10-10,5.48,5.58,5.43,5.45,5.45,670400,0.0,1.0438182380103393
551,2017-10-11,5.45,5.54,5.42,5.47,5.47,656200,0.0,1.0191947804118628
552,2017-10-12,5.47,5.52,5.38,5.39,5.39,694400,0.0,1.0385852243148062
553,2017-10-13,5.39,5.6,5.38,5.52,5.52,826000,0.0,0.978770396892667
554,2017-10-16,5.52,5.63,5.49,5.49,5.49,596300,0.0,0.9335743606073668
555,2017-10-17,5.53,5.7,5.505,5.54,5.54,1217500,0.0,0.9361084371750313
556,2017-10-18,5.59,5.7,5.54,5.54,5.54,1066000,0.0,1.0285246294381247
557,2017-10-19,5.5,5.62,5.37,5.46,5.46,579900,0.0,1.0436530882891175
558,2017-10-20,5.5,5.59,5.44,5.57,5.57,606700,0.0,0.8070809637322236
559,2017-10-23,5.55,5.63,5.31,5.37,5.37,781600,0.0,0.754600616731324
560,2017-10-24,5.39,5.585,5.375,5.44,5.44,1085500,0.0,0.7505931979963091
561,2017-10-25,5.45,5.53,5.35,5.42,5.42,1005400,0.0,0.9810326659641728
562,2017-10-26,5.42,5.52,5.38,5.44,5.44,466300,0.0,0.8979591836734693
563,2017-10-27,5.45,5.68,5.45,5.62,5.62,741200,0.0,1.2894736842105265
564,2017-10-30,5.58,5.81,5.55,5.72,5.72,886800,0.0,1.0482374768089053
565,2017-10-31,5.75,5.92,5.64,5.74,5.74,1508800,0.0,0.8809734513274335
566,2017-11-01,5.67,5.84,5.66,5.74,5.74,895500,0.0,0.9365477984262514
567,2017-11-02,5.77,5.8,5.63,5.69,5.69,940600,0.0,1.0704326063639615
568,2017-11-03,5.67,5.72,5.59,5.65,5.65,685700,0.0,1.1279225116900466
569,2017-11-06,5.75,6.16,5.7,6.13,6.13,1339500,0.0,
570,2017-11-07,6.2,6.235,5.8,5.86,5.86,1227800,0.0,
571,2017-11-08,5.82,6.19,5.75,5.89,5.89,934000,0.0,0.995523465703971
572,2017-11-09,6.41,6.73,6.03,6.24,6.24,2876200,0.0,1.060052219321149
573,2017-11-10,6.2,6.24,5.64,5.83,5.83,1877000,0.0,1.058839627805145
574,2017-11-13,5.9,6.15,5.87,6.07,6.07,1059900,0.0,1.0483329025588006
575,2017-11-14,6.07,6.18,5.89,6.17,6.17,710300,0.0,1.0483234714003946
576,2017-11-15,6.12,6.25,6.01,6.08,6.08,821000,0.0,0.9143932267168392
577,2017-11-16,6.07,6.195,5.93,6.04,6.04,825000,0.0,1.042824074074074
578,2017-11-17,6.0,6.14,5.937,6.05,6.05,734100,0.0,1.0573436921938586
579,2017-11-20,5.98,6.08,5.918,6.02,6.02,720300,0.0,0.9982505248425473
580,2017-11-21,6.05,6.055,5.9,5.92,5.92,569300,0.0,0.9714919967285898
581,2017-11-22,5.92,5.979,5.75,5.92,5.92,653600,0.0,1.0924834636199638
582,2017-11-24,5.95,5.99,5.87,5.93,5.93,330500,0.0,1.04557463672391
583,2017-11-27,5.97,6.09,5.94,6.08,6.08,821600,0.0,1.001895135818067
584,2017-11-28,6.01,6.01,5.7,5.73,5.73,2020100,0.0,1.0460277427490543
585,2017-11-29,5.72,5.78,5.4,5.56,5.56,1514500,0.0,0.998493098251959
586,2017-11-30,5.56,5.67,5.51,5.6,5.6,788200,0.0,1.0748566231555503
587,2017-12-01,5.57,5.64,5.32,5.44,5.44,1114600,0.0,1.0404380686949901
588,2017-12-04,5.49,5.74,5.48,5.49,5.49,1054500,0.0,1.060188860815315
589,2017-12-05,5.49,5.635,5.44,5.56,5.56,749200,0.0,0.9354209912807702
590,2017-12-06,5.55,5.6,5.48,5.56,5.56,535400,0.0,0.9759593222912338
591,2017-12-07,5.54,5.69,5.52,5.67,5.67,651700,0.0,1.0853318646588588
592,2017-12-08,5.71,5.78,5.71,5.73,5.73,693300,0.0,1.0199125981515482
593,2017-12-11,5.74,5.86,5.7,5.8,5.8,722600,0.0,1.0003778813547772
594,2017-12-12,5.79,5.95,5.675,5.69,5.69,823600,0.0,0.9767480813417632
595,2017-12-13,5.71,5.826,5.59,5.69,5.69,858600,0.0,1.0065314887085421
596,2017-12-14,5.72,5.92,5.6,5.86,5.86,1115800,0.0,1.0170764856557377
597,2017-12-15,5.91,6.1,5.9,6.06,6.06,2727400,0.0,
598,2017-12-18,6.08,6.14,6.03,6.07,6.07,1261600,0.0,
599,2017-12-19,6.07,6.1,5.97,5.99,5.99,719700,0.0,1.122624703087886
600,2017-12-20,5.98,6.12,5.98,6.07,6.07,696900,0.0,1.1261570836639334
601,2017-12-21,6.08,6.08,6.01,6.05,6.05,673700,0.0,1.140598128603906
602,2017-12-22,6.04,6.06,5.98,6.02,6.02,356600,0.0,1.0542210376715435
603,2017-12-26,6.01,6.01,5.79,5.84,5.84,552800,0.0,1.0572047800066953
604,2017-12-27,5.84,5.94,5.78,5.87,5.87,436000,0.0,1.0096888827413308
605,2017-12-28,5.87,6.08,5.87,6.07,6.07,1012500,0.0,0.972310264016739
606,2017-12-29,6.08,6.09,5.89,5.9,5.9,879800,0.0,0.9203361888540642
607,2018-01-02,5.88,5.98,5.88,5.92,5.92,672400,0.0,1.1357688577877123
608,2018-01-03,5.92,6.14,5.92,6.05,6.05,933100,0.0,1.1116178668586976
609,2018-01-04,6.05,6.09,5.91,6.06,6.06,798500,0.0,1.0209457711009444
610,2018-01-05,6.07,6.09,5.94,6.01,6.01,1062000,0.0,0.9450084661239806
611,2018-01-08,6.0,6.1,5.92,6.05,6.05,466100,0.0,1.0212623473778326
612,2018-01-09,6.03,6.08,5.96,6.01,6.01,564000,0.0,1.0386441440869862
613,2018-01-10,5.98,6.025,5.94,6.02,6.02,511400,0.0,0.9940744021662683
614,2018-01-11,5.98,6.31,5.94,6.3,6.3,1870700,0.0,1.080286570233872
615,2018-01-12,6.3,6.43,6.232,6.36,6.36,980900,0.0,1.0324523918611612
616,2018-01-16,6.37,6.41,6.06,6.06,6.06,926500,0.0,1.0762814347970513
617,2018-01-17,6.07,6.15,6.02,6.09,6.09,992200,0.0,0.9813161406300651
618,2018-01-18,6.06,6.13,5.775,5.92,5.92,1934200,0.0,0.8869635204607312
619,2018-01-19,5.91,6.01,5.88,5.94,5.94,919600,0.0,1.0881666363907216
620,2018-01-22,5.94,6.08,5.873,6.04,6.04,1243900,0.0,1.0461121903657968
621,2018-01-23,6.45,6.57,6.16,6.41,6.41,3887200,0.0,1.0717408405460873
622,2018-01-24,6.45,6.56,6.27,6.39,6.39,1295400,0.0,1.014125990535098
623,2018-01-25,6.47,6.52,6.28,6.33,6.33,985900,0.0,0.9884516448724485
624,2018-01-26,6.39,6.405,6.2,6.33,6.33,878800,0.0,1.0251937869569139
625,2018-01-29,6.35,6.78,6.35,6.66,6.66,1543100,0.0,1.076856580735314
626,2018-01-30,6.66,6.73,6.61,6.67,6.67,1059900,0.0,1.0892266639967902
627,2018-01-31,6.7,6.73,6.32,6.33,6.33,1155400,0.0,0.0
628,2018-02-01,6.32,6.37,6.03,6.07,6.07,899100,0.0,
629,2018-02-02,6.02,6.05,5.78,5.82,5.82,1816800,0.0,
630,2018-02-05,5.79,5.89,5.6,5.61,5.61,1356000,0.0,
631,2018-02-06,5.52,5.65,5.43,5.55,5.55,1588700,0.0,
632,2018-02-07,5.56,5.7,5.48,5.54,5.54,847500,0.0,
633,2018-02-08,5.56,5.69,5.26,5.33,5.33,1404700,0.0,
634,2018-02-09,5.43,5.48,5.08,5.37,5.37,1674200,0.0,
635,2018-02-12,5.84,6.12,5.64,6.0,6.0,2667000,0.0,
636,2018-02-13,6.02,6.11,5.94,5.97,5.97,1518400,0.0,
637,2018-02-14,5.9,6.52,5.9,6.42,6.42,2695100,0.0,
638,2018-02-15,6.5,6.55,6.24,6.53,6.53,1810000,0.0,
639,2018-02-16,6.54,6.88,6.53,6.78,6.78,2850800,0.0,
640,2018-02-20,6.8,6.85,6.68,6.73,6.73,1325200,0.0,
641,2018-02-21,6.77,7.299,6.77,7.06,7.06,2944300,0.0,
642,2018-02-22,7.02,7.05,6.35,6.69,6.69,3001400,0.0,
643,2018-02-23,6.7,6.89,6.62,6.865,6.865,1321200,0.0,
644,2018-02-26,6.91,7.1,6.883,7.05,7.05,1674800,0.0,
645,2018-02-27,7.08,7.149,6.7,6.75,6.75,1562600,0.0,
646,2018-02-28,6.8,6.885,6.68,6.69,6.69,1252800,0.0,
647,2018-03-01,6.67,7.03,6.51,6.94,6.94,1938600,0.0,
648,2018-03-02,6.97,7.09,6.67,7.06,7.06,1898500,0.0,
649,2018-03-05,7.03,7.2,6.83,7.2,7.2,2640600,0.0,
650,2018-03-06,7.3,7.44,7.16,7.43,7.43,4219800,0.0,
651,2018-03-07,7.4,7.4,6.64,6.76,6.76,6183100,0.0,
652,2018-03-08,6.74,7.09,6.71,6.91,6.91,3124000,0.0,
653,2018-03-09,6.98,7.23,6.96,7.15,7.15,1983500,0.0,
654,2018-03-12,7.15,7.37,7.15,7.2,7.2,1710300,0.0,
655,2018-03-13,7.24,7.4,7.15,7.27,7.27,1878400,0.0,
656,2018-03-14,7.33,7.66,7.25,7.65,7.65,3062900,0.0,
657,2018-03-15,7.69,7.7,7.405,7.46,7.46,1566000,0.0,
658,2018-03-16,7.57,7.68,7.32,7.66,7.66,2275700,0.0,
659,2018-03-19,7.64,7.79,7.494,7.63,7.63,2261500,0.0,
660,2018-03-20,7.67,8.08,7.56,8.05,8.05,2762000,0.0,
661,2018-03-21,8.07,8.95,8.07,8.64,8.64,5108400,0.0,
662,2018-03-22,8.49,8.85,8.18,8.47,8.47,4337700,0.0,
663,2018-03-23,8.53,8.87,8.42,8.43,8.43,3117900,0.0,
664,2018-03-26,8.55,8.82,8.5,8.73,8.73,2605200,0.0,
665,2018-03-27,8.75,8.84,8.51,8.76,8.76,2377400,0.0,
666,2018-03-28,8.7,8.749,8.454,8.69,8.69,2585400,0.0,
667,2018-03-29,8.72,9.23,8.61,8.93,8.93,3372000,0.0,
668,2018-04-02,8.9,9.12,8.73,9.08,9.08,2167800,0.0,
669,2018-04-03,9.15,9.24,8.915,9.16,9.16,2539900,0.0,
670,2018-04-04,9.11,9.88,8.94,9.82,9.82,5328300,0.0,
671,2018-04-05,9.82,10.16,9.76,9.94,9.94,5041200,0.0,
672,2018-04-06,9.3,9.51,8.39,8.52,8.52,6356200,0.0,
673,2018-04-09,8.51,8.73,8.17,8.19,8.19,2919900,0.0,
674,2018-04-10,8.28,8.59,8.2,8.2,8.2,2443200,0.0,
675,2018-04-11,8.15,8.45,8.01,8.28,8.28,1708900,0.0,
676,2018-04-12,8.41,8.6,8.36,8.47,8.47,1488100,0.0,
677,2018-04-13,8.54,8.69,8.42,8.5,8.5,1474000,0.0,
678,2018-04-16,8.5,8.75,8.43,8.63,8.63,1503100,0.0,
679,2018-04-17,8.69,8.8,8.58,8.75,8.75,1089500,0.0,
680,2018-04-18,8.79,9.22,8.73,9.11,9.11,1968100,0.0,
681,2018-04-19,9.12,9.15,8.83,8.91,8.91,1166800,0.0,
682,2018-04-20,8.87,9.48,8.82,9.27,9.27,1803100,0.0,
683,2018-04-23,9.44,9.44,8.69,8.82,8.82,2574700,0.0,
684,2018-04-24,8.87,9.04,8.7,8.88,8.88,1425300,0.0,
685,2018-04-25,8.9,9.03,8.75,8.99,8.99,1372100,0.0,
686,2018-04-26,9.05,9.12,8.95,9.08,9.08,835500,0.0,
687,2018-04-27,9.08,9.45,9.05,9.25,9.25,1153500,0.0,
688,2018-04-30,9.27,9.39,9.12,9.22,9.22,3745200,0.0,
689,2018-05-01,9.18,9.18,8.8,9.08,9.08,966400,0.0,
690,2018-05-02,9.09,9.25,8.99,9.06,9.06,4051500,0.0,
691,2018-05-03,9.03,9.11,8.82,8.89,8.89,1024700,0.0,
692,2018-05-04,8.9,9.04,8.86,8.98,8.98,781600,0.0,
693,2018-05-07,9.03,9.4,8.97,9.33,9.33,1998500,0.0,
694,2018-05-08,9.31,9.5,9.22,9.43,9.43,2245000,0.0,
695,2018-05-09,9.41,10.03,9.35,9.83,9.83,4177800,0.0,
696,2018-05-10,10.97,11.77,10.22,11.5,11.5,9178800,0.0,
697,2018-05-11,11.19,11.2,10.47,10.69,10.69,5553600,0.0,
698,2018-05-14,10.83,11.35,10.763,10.89,10.89,3810200,0.0,
699,2018-05-15,10.75,11.19,10.72,10.85,10.85,2759300,0.0,
700,2018-05-16,10.76,10.9,10.41,10.64,10.64,3032500,0.0,
701,2018-05-17,10.63,10.876,10.54,10.86,10.86,2284900,0.0,
702,2018-05-18,10.85,11.07,10.83,10.98,10.98,2038800,0.0,
703,2018-05-21,11.0,11.14,10.755,10.91,10.91,1970200,0.0,
704,2018-05-22,10.98,11.06,10.84,10.88,10.88,1260000,0.0,
705,2018-05-23,10.8,10.94,10.71,10.89,10.89,857900,0.0,
706,2018-05-24,10.87,11.04,10.67,11.01,11.01,1280500,0.0,
707,2018-05-25,10.93,11.11,10.7,10.91,10.91,1775000,0.0,
708,2018-05-29,10.76,11.07,10.76,11.0,11.0,1793100,0.0,
709,2018-05-30,11.01,11.51,10.91,11.5,11.5,3016900,0.0,
710,2018-05-31,11.66,12.24,11.49,12.1,12.1,5595100,0.0,
711,2018-06-01,11.99,12.395,11.57,12.27,12.27,3327900,0.0,
712,2018-06-04,12.3,12.39,11.75,12.32,12.32,2972200,0.0,
713,2018-06-05,12.36,13.0,12.33,12.82,12.82,3726100,0.0,
714,2018-06-06,12.78,12.81,12.32,12.57,12.57,2535400,0.0,
715,2018-06-07,12.63,12.79,12.065,12.28,12.28,1642400,0.0,
716,2018-06-08,12.32,12.71,12.25,12.69,12.69,2346700,0.0,
717,2018-06-11,12.76,12.81,12.54,12.64,12.64,1485300,0.0,
718,2018-06-12,12.78,13.97,12.72,13.49,13.49,4472200,0.0,
719,2018-06-13,13.74,14.31,13.6,13.98,13.98,3541900,0.0,
720,2018-06-14,14.1,14.35,13.91,14.18,14.18,2196100,0.0,
721,2018-06-15,14.19,14.19,13.57,13.63,13.63,5151100,0.0,
722,2018-06-18,13.42,13.96,13.32,13.82,13.82,1612900,0.0,
723,2018-06-19,13.62,13.8,13.18,13.78,13.78,1602100,0.0,
724,2018-06-20,13.8,14.126,13.54,13.86,13.86,1475900,0.0,
725,2018-06-21,13.93,13.978,13.57,13.69,13.69,1100100,0.0,
726,2018-06-22,13.82,13.97,13.65,13.87,13.87,1995400,0.0,
727,2018-06-25,13.81,13.82,12.93,13.45,13.45,1802400,0.0,
728,2018-06-26,13.59,13.72,13.35,13.5,13.5,1280200,0.0,
729,2018-06-27,13.48,13.5,13.08,13.1,13.1,1182300,0.0,
730,2018-06-28,13.05,13.35,12.7,13.05,13.05,1986600,0.0,
731,2018-06-29,13.14,13.495,12.89,13.15,13.15,1427400,0.0,
732,2018-07-02,13.57,14.23,13.0,14.17,14.17,2748100,0.0,
733,2018-07-03,14.28,14.326,13.88,14.18,14.18,1402400,0.0,
734,2018-07-05,14.27,15.21,13.86,14.99,14.99,4565400,0.0,
735,2018-07-06,14.85,15.51,14.5,15.49,15.49,3180700,0.0,
736,2018-07-09,15.62,16.025,15.33,15.95,15.95,2791800,0.0,
737,2018-07-10,15.86,16.004998999999998,15.17,15.79,15.79,2628800,0.0,
738,2018-07-11,15.41,16.1,15.27,15.96,15.96,1759000,0.0,
739,2018-07-12,16.0,16.07,15.51,15.96,15.96,2080900,0.0,
740,2018-07-13,15.96,16.02,15.65,15.75,15.75,1536800,0.0,
741,2018-07-16,15.85,16.445,15.66,15.94,15.94,1525700,0.0,
742,2018-07-17,15.95,16.239,15.12,15.17,15.17,2422200,0.0,
743,2018-07-18,15.16,15.44,14.69,15.16,15.16,2268200,0.0,
744,2018-07-19,14.31,15.51,14.31,15.45,15.45,2535000,0.0,
745,2018-07-20,15.38,15.59,14.2,14.38,14.38,2108400,0.0,
746,2018-07-23,14.39,14.685,14.3,14.54,14.54,1286800,0.0,
747,2018-07-24,14.72,15.15,14.52,14.74,14.74,1432300,0.0,
748,2018-07-25,14.74,15.22,14.51,15.11,15.11,1516100,0.0,
749,2018-07-26,15.03,15.42,14.92,15.23,15.23,1169700,0.0,
750,2018-07-27,15.21,15.5,14.45,14.61,14.61,1429700,0.0,
751,2018-07-30,14.53,14.72,13.7,13.85,13.85,1838900,0.0,
752,2018-07-31,13.95,14.43,13.931,14.14,14.14,1048100,0.0,
753,2018-08-01,14.16,14.33,13.91,14.32,14.32,1120900,0.0,
754,2018-08-02,14.28,14.88,14.2,14.77,14.77,1118300,0.0,
755,2018-08-03,14.42,14.96,13.42,13.84,13.84,3418400,0.0,
756,2018-08-06,13.84,14.17,13.57,13.91,13.91,1532700,0.0,
757,2018-08-07,14.0,14.12,13.9,14.02,14.02,843000,0.0,
758,2018-08-08,14.1,14.41,13.94,14.29,14.29,1308100,0.0,
759,2018-08-09,14.5,14.84,14.33,14.34,14.34,2249800,0.0,
760,2018-08-10,12.69,13.7,11.8,13.29,13.29,9784700,0.0,
761,2018-08-13,13.26,13.58,12.5,13.21,13.21,4664900,0.0,
762,2018-08-14,13.23,13.41,12.72,13.16,13.16,3034500,0.0,
763,2018-08-15,12.98,13.39,12.856,13.26,13.26,1827300,0.0,
764,2018-08-16,13.4,13.6,13.0,13.39,13.39,2209900,0.0,
765,2018-08-17,13.38,13.56,12.8,12.97,12.97,2090500,0.0,
766,2018-08-20,13.03,13.88,12.86,13.88,13.88,2430400,0.0,
767,2018-08-21,13.92,14.38,13.9,13.98,13.98,2277200,0.0,
768,2018-08-22,13.93,14.42,13.91,14.32,14.32,1708400,0.0,
769,2018-08-23,14.19,14.261,13.45,13.57,13.57,2594200,0.0,
770,2018-08-24,13.69,14.16,13.6,14.16,14.16,1313400,0.0,
771,2018-08-27,14.12,14.34,13.745,13.97,13.97,2758000,0.0,
772,2018-08-28,14.02,14.099,13.171,13.39,13.39,2210100,0.0,
773,2018-08-29,13.42,13.77,13.27,13.52,13.52,1275400,0.0,
774,2018-08-30,13.46,13.5,13.01,13.1,13.1,1573700,0.0,
775,2018-08-31,13.05,13.37,13.02,13.12,13.12,1332400,0.0,
776,2018-09-04,13.1,13.33,12.72,12.78,12.78,1748800,0.0,
777,2018-09-05,12.76,12.79,12.18,12.64,12.64,1558800,0.0,
778,2018-09-06,12.71,12.71,12.245,12.33,12.33,1115900,0.0,
779,2018-09-07,12.25,12.52,12.18,12.26,12.26,1015600,0.0,
780,2018-09-10,12.26,12.265,11.91,11.95,11.95,1286400,0.0,
781,2018-09-11,12.88,13.37,12.48,12.7,12.7,3687900,0.0,
782,2018-09-12,12.61,13.2,12.61,13.1,13.1,1382300,0.0,
783,2018-09-13,12.835,13.38,12.831,13.09,13.09,950900,0.0,
784,2018-09-14,13.05,13.24,12.95,13.13,13.13,997300,0.0,
785,2018-09-17,13.07,13.19,12.48,12.56,12.56,1298200,0.0,
786,2018-09-18,12.5,13.06,12.49,12.89,12.89,881800,0.0,
787,2018-09-19,12.9,13.04,12.59,12.75,12.75,855700,0.0,
788,2018-09-20,12.8,13.18,12.75,12.84,12.84,1149000,0.0,
789,2018-09-21,12.84,13.039,12.483,12.5,12.5,2281300,0.0,
790,2018-09-24,12.5,12.695,12.358,12.51,12.51,1561200,0.0,
791,2018-09-25,12.5,12.605,12.25,12.52,12.52,1226400,0.0,
792,2018-09-26,12.49,12.57,12.405,12.46,12.46,869800,0.0,
793,2018-09-27,12.4,12.5,11.9,12.07,12.07,2493600,0.0,
794,2018-09-28,12.05,12.81,12.0,12.44,12.44,2162200,0.0,
795,2018-10-01,12.48,12.575,11.98,12.24,12.24,1681600,0.0,
796,2018-10-02,12.38,13.767,12.37,13.54,13.54,2816200,0.0,
797,2018-10-03,13.54,13.54,12.6,12.85,12.85,2134200,0.0,
798,2018-10-04,12.76,13.04,12.33,12.59,12.59,1193700,0.0,
799,2018-10-05,12.58,12.8,12.33,12.48,12.48,1495900,0.0,
800,2018-10-08,12.35,12.41,11.69,11.99,11.99,1160100,0.0,
801,2018-10-09,12.02,12.28,11.89,12.12,12.12,1075400,0.0,
802,2018-10-10,12.03,12.15,11.12,11.19,11.19,1546200,0.0,
803,2018-10-11,11.09,11.8,10.955,11.38,11.38,2048200,0.0,
804,2018-10-12,11.8,12.22,11.51,12.22,12.22,1459500,0.0,
805,2018-10-15,12.11,12.47,12.02,12.41,12.41,1050200,0.0,
806,2018-10-16,12.54,13.265,12.5,13.16,13.16,1933400,0.0,
807,2018-10-17,13.11,13.15,12.64,13.05,13.05,1144800,0.0,
808,2018-10-18,12.92,13.15,12.57,12.72,12.72,775800,0.0,
809,2018-10-19,12.83,12.99,12.33,12.73,12.73,1080400,0.0,
810,2018-10-22,12.73,12.98,12.62,12.79,12.79,937200,0.0,
811,2018-10-23,12.51,12.55,11.845,12.38,12.38,1185400,0.0,
812,2018-10-24,12.37,12.7,11.72,11.75,11.75,1209800,0.0,
813,2018-10-25,11.76,12.05,11.415,11.86,11.86,1925600,0.0,
814,2018-10-26,11.62,11.9,11.3,11.44,11.44,1110900,0.0,
815,2018-10-29,11.56,11.97,11.26,11.5,11.5,1094700,0.0,
816,2018-10-30,11.5,11.97,11.44,11.96,11.96,872800,0.0,
817,2018-10-31,12.19,12.401,11.863,12.26,12.26,1124400,0.0,
818,2018-11-01,12.26,12.64,11.68,12.6,12.6,1174700,0.0,
819,2018-11-02,12.68,13.2,12.54,13.12,13.12,1370500,0.0,
820,2018-11-05,13.0,13.08,12.52,12.66,12.66,1259900,0.0,
821,2018-11-06,12.73,13.07,12.58,12.97,12.97,896600,0.0,
822,2018-11-07,13.22,13.33,12.89,13.19,13.19,1557500,0.0,
823,2018-11-08,12.47,13.5,12.4,12.59,12.59,2165700,0.0,
824,2018-11-09,12.47,12.59,12.21,12.3,12.3,803700,0.0,
825,2018-11-12,12.3,12.75,12.06,12.44,12.44,955100,0.0,
826,2018-11-13,12.48,12.73,12.02,12.13,12.13,1056000,0.0,
827,2018-11-14,12.27,12.615,12.11,12.59,12.59,925300,0.0,
828,2018-11-15,12.42,13.18,12.22,13.12,13.12,1415200,0.0,
829,2018-11-16,13.04,13.18,12.55,13.07,13.07,1422300,0.0,
830,2018-11-19,12.77,12.98,12.39,12.79,12.79,1411200,0.0,
831,2018-11-20,12.51,12.51,11.6,11.8,11.8,1401800,0.0,
832,2018-11-21,11.87,12.324,11.78,12.29,12.29,863900,0.0,
833,2018-11-23,12.14,12.655,12.01,12.42,12.42,365800,0.0,
834,2018-11-26,12.6,13.03,12.52,13.03,13.03,1075700,0.0,
835,2018-11-27,13.09,14.149,13.05,14.11,14.11,3331200,0.0,
836,2018-11-28,14.09,14.6,13.9,14.53,14.53,2903200,0.0,
837,2018-11-29,14.38,14.7,14.31,14.7,14.7,2199300,0.0,
838,2018-11-30,14.55,14.731,14.18,14.65,14.65,2055900,0.0,
839,2018-12-03,15.0,15.0,14.53,14.91,14.91,1885600,0.0,
840,2018-12-04,14.89,14.95,14.13,14.28,14.28,1824300,0.0,
841,2018-12-06,14.08,14.63,13.71,14.61,14.61,1304300,0.0,
842,2018-12-07,14.62,14.88,13.82,13.96,13.96,1206000,0.0,
843,2018-12-10,13.96,14.32,13.66,14.14,14.14,1168000,0.0,
844,2018-12-11,14.43,14.48,13.88,14.12,14.12,930600,0.0,
845,2018-12-12,14.34,14.56,13.91,14.41,14.41,1087100,0.0,
846,2018-12-13,14.63,14.87,14.08,14.26,14.26,1257200,0.0,
847,2018-12-14,14.13,14.13,12.71,13.02,13.02,1772800,0.0,
848,2018-12-17,12.76,13.23,12.53,13.11,13.11,1955600,0.0,
849,2018-12-18,13.33,13.515,12.18,12.4,12.4,1489800,0.0,
850,2018-12-19,12.33,12.77,11.8,11.94,11.94,1324300,0.0,
851,2018-12-20,11.97,11.97,8.81,10.48,10.48,5851400,0.0,
852,2018-12-21,10.49,10.967,10.34,10.9,10.9,3135700,0.0,
853,2018-12-24,10.43,10.68,9.95,10.52,10.52,1540900,0.0,
854,2018-12-26,10.65,11.2,10.4,11.16,11.16,1585400,0.0,
855,2018-12-27,11.0,11.12,10.265,10.91,10.91,1372600,0.0,
856,2018-12-28,10.91,11.14,10.463,10.6,10.6,1539600,0.0,
857,2018-12-31,10.72,10.91,10.465,10.89,10.89,1220300,0.0,
858,2019-01-02,10.58,10.99,10.1,10.98,10.98,1017900,0.0,
859,2019-01-03,10.83,11.06,9.56,9.78,9.78,2469000,0.0,
860,2019-01-04,9.95,10.597,9.95,10.38,10.38,1531700,0.0,
861,2019-01-07,10.37,10.8,10.15,10.56,10.56,1209500,0.0,
862,2019-01-08,10.61,10.98,10.41,10.71,10.71,1441400,0.0,
863,2019-01-09,10.76,11.61,10.73,11.47,11.47,1832700,0.0,
864,2019-01-10,11.29,11.54,11.01,11.51,11.51,854200,0.0,
865,2019-01-11,11.49,11.74,11.224,11.65,11.65,1135400,0.0,
866,2019-01-14,11.54,11.87,11.4,11.73,11.73,948700,0.0,
867,2019-01-15,11.75,11.89,11.54,11.74,11.74,656400,0.0,
868,2019-01-16,11.79,12.0,11.61,11.69,11.69,1026000,0.0,
869,2019-01-17,11.62,12.14,11.52,12.07,12.07,895900,0.0,
870,2019-01-18,12.12,12.23,11.86,12.16,12.16,782500,0.0,
871,2019-01-22,12.07,12.28,11.76,11.78,11.78,835700,0.0,
872,2019-01-23,11.86,12.17,11.69,11.92,11.92,643100,0.0,
873,2019-01-24,11.9,12.23,11.9,12.01,12.01,602300,0.0,
874,2019-01-25,12.16,12.307,12.02,12.19,12.19,780300,0.0,
875,2019-01-28,11.99,12.36,11.93,12.24,12.24,1086600,0.0,
876,2019-01-29,12.32,12.35,12.11,12.23,12.23,734100,0.0,
877,2019-01-30,12.37,12.49,12.17,12.4,12.4,585300,0.0,
878,2019-01-31,12.42,13.3,12.41,13.3,13.3,1852200,0.0,
879,2019-02-01,13.12,13.64,13.12,13.32,13.32,1168400,0.0,
880,2019-02-04,13.32,13.69,13.21,13.66,13.66,776000,0.0,
881,2019-02-05,13.69,14.14,13.62,13.92,13.92,1433300,0.0,
882,2019-02-06,13.96,14.45,13.908,14.33,14.33,1170600,0.0,
883,2019-02-07,14.26,14.61,14.12,14.6,14.6,1252200,0.0,
884,2019-02-08,14.51,14.771,14.34,14.68,14.68,974200,0.0,
885,2019-02-11,14.74,15.18,14.581,14.9,14.9,1753600,0.0,
886,2019-02-12,14.9,15.0,14.77,14.93,14.93,783500,0.0,
887,2019-02-13,15.01,15.24,14.88,15.15,15.15,1049800,0.0,
888,2019-02-14,14.97,15.44,14.36,15.1,15.1,1641800,0.0,
889,2019-02-15,15.17,15.28,15.05,15.26,15.26,777300,0.0,
890,2019-02-19,15.5,15.55,15.3,15.47,15.47,1483000,0.0,
891,2019-02-20,15.44,15.74,15.22,15.46,15.46,1497100,0.0,
892,2019-02-21,15.5,15.59,15.26,15.5,15.5,886300,0.0,
893,2019-02-22,15.58,15.94,15.41,15.82,15.82,1140000,0.0,
894,2019-02-25,16.0,16.030001000000002,15.54,15.71,15.71,1147600,0.0,
895,2019-02-26,15.66,15.78,15.44,15.64,15.64,1360500,0.0,
896,2019-02-27,15.52,15.71,15.21,15.59,15.59,1174300,0.0,
897,2019-02-28,15.53,15.85,15.45,15.51,15.51,2262900,0.0,
898,2019-03-01,16.049999,16.25,15.61,15.96,15.96,2714400,0.0,
899,2019-03-04,16.1,17.091998999999998,15.97,16.299999,16.299999,3179400,0.0,
900,2019-03-05,16.309998999999998,16.620001000000002,15.54,15.57,15.57,2239300,0.0,
901,2019-03-06,15.65,16.0,15.155,15.21,15.21,1652200,0.0,
902,2019-03-07,15.12,15.195,14.76,14.83,14.83,1220500,0.0,
903,2019-03-08,14.37,14.81,14.26,14.73,14.73,1099200,0.0,
904,2019-03-11,14.77,15.127,14.73,14.86,14.86,1184600,0.0,
905,2019-03-12,14.94,15.05,14.71,14.73,14.73,848600,0.0,
906,2019-03-13,14.78,14.94,14.54,14.73,14.73,1064400,0.0,
907,2019-03-14,14.78,14.79,14.35,14.57,14.57,806600,0.0,
908,2019-03-15,14.57,14.9,14.4,14.77,14.77,1284200,0.0,
909,2019-03-18,14.8,15.06,14.65,14.83,14.83,960800,0.0,
910,2019-03-19,14.88,14.97,14.615,14.68,14.68,712600,0.0,
911,2019-03-20,14.58,15.04,14.56,14.85,14.85,1097300,0.0,
912,2019-03-21,14.81,15.13,14.69,15.1,15.1,976400,0.0,
913,2019-03-22,15.0,15.08,14.23,14.25,14.25,1248900,0.0,
914,2019-03-25,14.2,14.41,14.01,14.08,14.08,680800,0.0,
915,2019-03-26,14.22,14.319,14.04,14.23,14.23,668200,0.0,
916,2019-03-27,14.23,14.33,13.73,14.23,14.23,934800,0.0,
917,2019-03-28,14.25,14.33,13.96,14.27,14.27,785100,0.0,
918,2019-03-29,14.37,14.48,13.99,14.06,14.06,1020500,0.0,
919,2019-04-01,14.24,14.38,13.95,14.18,14.18,691700,0.0,
920,2019-04-02,14.15,14.36,14.05,14.22,14.22,557100,0.0,
921,2019-04-03,14.32,14.945,14.27,14.87,14.87,1040000,0.0,
922,2019-04-04,14.84,14.97,14.7,14.82,14.82,781600,0.0,
923,2019-04-05,14.9,15.4,14.83,15.24,15.24,1162700,0.0,
924,2019-04-08,15.2,15.41,14.99,15.39,15.39,613200,0.0,
925,2019-04-09,15.33,15.54,14.92,14.96,14.96,712400,0.0,
926,2019-04-10,15.05,16.059998999999998,15.05,15.84,15.84,1294500,0.0,
927,2019-04-11,15.81,16.17,15.69,15.86,15.86,1169500,0.0,
928,2019-04-12,15.99,16.1,15.57,15.68,15.68,716100,0.0,
929,2019-04-15,15.63,15.89,15.49,15.62,15.62,619000,0.0,
930,2019-04-16,15.75,16.15,15.61,16.08,16.08,766300,0.0,
931,2019-04-17,16.15,16.530001000000002,16.030001000000002,16.51,16.51,961200,0.0,
932,2019-04-18,16.49,16.74,16.17,16.27,16.27,866800,0.0,
933,2019-04-22,16.200001,16.299999,15.9,16.27,16.27,533900,0.0,
934,2019-04-23,16.26,16.9,16.110001,16.690001000000002,16.690001000000002,1027600,0.0,
935,2019-04-24,16.719998999999998,17.02,16.690001000000002,16.91,16.91,920200,0.0,
936,2019-04-25,17.01,17.440001000000002,16.790001,16.93,16.93,1234200,0.0,
937,2019-04-26,16.959999,17.120001000000002,16.74,17.1,17.1,725300,0.0,
938,2019-04-29,17.18,17.309998999999998,17.059998999999998,17.129998999999998,17.129998999999998,810700,0.0,
939,2019-04-30,16.34,16.5,14.79,15.21,15.21,2583700,0.0,
940,2019-05-01,15.41,15.57,14.9,15.34,15.34,1167100,0.0,
941,2019-05-02,15.32,15.46,14.9,15.44,15.44,893100,0.0,
942,2019-05-03,15.5,16.084999,15.5,16.0,16.0,1167800,0.0,
943,2019-05-06,15.6,16.52,15.51,16.459999,16.459999,1037000,0.0,
944,2019-05-07,16.690001000000002,16.959999,16.5,16.75,16.75,1252400,0.0,
945,2019-05-08,16.83,16.91,16.43,16.6,16.6,1640600,0.0,
946,2019-05-09,15.12,15.93,14.105,15.53,15.53,2534700,0.0,
947,2019-05-10,15.44,15.53,14.75,15.07,15.07,1422500,0.0,
948,2019-05-13,14.83,14.906,14.16,14.3,14.3,1256900,0.0,
949,2019-05-14,14.34,14.98,14.34,14.77,14.77,1015200,0.0,
950,2019-05-15,14.55,14.87,14.51,14.78,14.78,617700,0.0,
951,2019-05-16,15.22,16.200001,15.11,16.07,16.07,1727900,0.0,
952,2019-05-17,15.71,15.9,15.52,15.8,15.8,1115300,0.0,
953,2019-05-20,15.5,15.92,15.29,15.71,15.71,699700,0.0,
954,2019-05-21,15.95,16.889999,15.95,16.620001000000002,16.620001000000002,1468200,0.0,
955,2019-05-22,16.5,16.860001,16.5,16.700001,16.700001,733800,0.0,
956,2019-05-23,15.9,16.27,15.215,15.45,15.45,1573600,0.0,
957,2019-05-24,15.61,15.96,15.35,15.64,15.64,505000,0.0,
958,2019-05-28,14.95,15.63,14.92,15.49,15.49,955400,0.0,
959,2019-05-29,15.39,15.79,15.191,15.58,15.58,673300,0.0,
960,2019-05-30,15.57,16.129998999999998,15.57,15.95,15.95,842800,0.0,
961,2019-05-31,15.59,15.71,15.23,15.66,15.66,858600,0.0,
962,2019-06-03,15.66,16.18,15.57,15.89,15.89,793500,0.0,
963,2019-06-04,16.120001000000002,16.309998999999998,15.69,16.0,16.0,1014000,0.0,
964,2019-06-05,16.07,16.24,15.678,16.18,16.18,707700,0.0,
965,2019-06-06,16.18,16.24,15.81,16.190001000000002,16.190001000000002,506400,0.0,
966,2019-06-07,16.34,16.76,16.290001,16.34,16.34,923400,0.0,
967,2019-06-10,16.469998999999998,17.0,16.459999,16.6,16.6,1399300,0.0,
968,2019-06-11,16.799999,17.0,16.18,16.51,16.51,950000,0.0,
969,2019-06-12,16.17,16.700001,16.1,16.299999,16.299999,572900,0.0,
970,2019-06-13,16.360001,17.0,16.360001,16.9,16.9,809400,0.0,
971,2019-06-14,16.959999,16.959999,16.290001,16.459999,16.459999,684600,0.0,
972,2019-06-17,16.43,17.127001,16.27,17.09,17.09,1252600,0.0,
973,2019-06-18,18.0,18.75,17.469998999999998,18.27,18.27,4233400,0.0,
974,2019-06-19,18.299999,18.5,17.110001,18.26,18.26,2617600,0.0,
975,2019-06-20,18.32,19.280001000000002,18.309998999999998,18.75,18.75,2982000,0.0,
976,2019-06-21,18.559998999999998,18.84,18.0,18.52,18.52,2034900,0.0,
977,2019-06-24,18.700001,18.945,18.469998999999998,18.68,18.68,2136700,0.0,
978,2019-06-25,18.780001000000002,18.799999,18.01,18.299999,18.299999,1762100,0.0,
979,2019-06-26,18.48,18.84,18.299999,18.379998999999998,18.379998999999998,1008000,0.0,
980,2019-06-27,18.25,18.695,18.08,18.6,18.6,1612300,0.0,
981,2019-06-28,18.799999,18.844998999999998,18.42,18.76,18.76,6461400,0.0,
982,2019-07-01,19.110001,20.0,18.74,19.83,19.83,5219900,0.0,
983,2019-07-02,19.889999,20.469998999999998,19.48,20.33,20.33,3577300,0.0,
984,2019-07-03,20.48,20.67,20.0,20.219998999999998,20.219998999999998,1201000,0.0,
985,2019-07-05,20.1,20.299999,19.309998999999998,20.209999,20.209999,1508500,0.0,
986,2019-07-08,20.1,20.215,19.673,19.82,19.82,1106300,0.0,
987,2019-07-09,19.780001000000002,20.17,19.51,19.870001000000002,19.870001000000002,1503900,0.0,
988,2019-07-10,20.030001000000002,20.25,19.299999,19.889999,19.889999,1439800,0.0,
989,2019-07-11,19.98,20.049999,19.549999,19.639999,19.639999,852700,0.0,
990,2019-07-12,19.73,20.08,19.58,19.91,19.91,764700,0.0,
991,2019-07-15,19.92,20.25,19.5,19.719998999999998,19.719998999999998,955000,0.0,
992,2019-07-16,19.719998999999998,20.43,19.677999,20.219998999999998,20.219998999999998,1185400,0.0,
993,2019-07-17,20.620001000000002,21.42,20.35,20.389999,20.389999,2569400,0.0,
994,2019-07-18,20.32,20.43,19.629998999999998,19.98,19.98,1747400,0.0,
995,2019-07-19,20.09,20.459999,19.709999,19.77,19.77,1668300,0.0,
996,2019-07-22,19.799999,20.280001000000002,19.610001,19.889999,19.889999,1063200,0.0,
997,2019-07-23,19.870001000000002,19.889999,17.58,18.790001,18.790001,3918000,0.0,
998,2019-07-24,18.76,18.99,18.34,18.700001,18.700001,1458400,0.0,
999,2019-07-25,18.77,19.120001000000002,18.57,18.74,18.74,1284500,0.0,
1000,2019-07-26,18.719998999999998,18.938,18.469998999999998,18.77,18.77,963600,0.0,
1001,2019-07-29,18.690001000000002,18.73,17.6,18.639999,18.639999,2123200,0.0,
1002,2019-07-30,18.59,19.129998999999998,18.450001,19.120001000000002,19.120001000000002,1199300,0.0,
1003,2019-07-31,19.24,19.49,18.719998999999998,19.049999,19.049999,1980100,0.0,
1004,2019-08-01,19.42,20.809998999999998,19.08,19.629998999999998,19.629998999999998,4144300,0.0,
1005,2019-08-02,19.5,19.83,19.02,19.49,19.49,1851300,0.0,
1006,2019-08-05,18.610001,18.903,18.08,18.379998999999998,18.379998999999998,1833900,0.0,
1007,2019-08-06,18.59,19.08,18.379998999999998,18.719998999999998,18.719998999999998,1340500,0.0,
1008,2019-08-07,19.4,20.200001,18.950001,19.98,19.98,4189300,0.0,
1009,2019-08-08,18.41,19.190001000000002,17.761,18.74,18.74,5078300,0.0,
1010,2019-08-09,18.219998999999998,18.5,16.030001000000002,16.360001,16.360001,4476600,0.0,
1011,2019-08-12,16.23,16.469998999999998,15.639,16.01,16.01,2300600,0.0,
1012,2019-08-13,15.95,16.530001000000002,15.56,16.139999,16.139999,2105300,0.0,
1013,2019-08-14,15.79,15.89,14.74,15.13,15.13,3767800,0.0,
1014,2019-08-15,15.23,15.235,14.59,14.69,14.69,1789900,0.0,
1015,2019-08-16,14.9,15.59,14.88,15.39,15.39,2037900,0.0,
1016,2019-08-19,15.69,15.925,15.42,15.77,15.77,1666100,0.0,
1017,2019-08-20,16.299999,16.299999,15.525,15.89,15.89,1732500,0.0,
1018,2019-08-21,16.190001000000002,16.200001,15.42,15.65,15.65,1615700,0.0,
1019,2019-08-22,15.78,15.85,15.17,15.47,15.47,1243800,0.0,
1020,2019-08-23,15.29,15.44,14.55,14.66,14.66,1458800,0.0,
1021,2019-08-26,14.9,15.24,14.69,15.18,15.18,1445100,0.0,
1022,2019-08-27,15.32,15.452,14.73,14.84,14.84,1155600,0.0,
1023,2019-08-28,14.71,15.1,14.6,14.82,14.82,1411500,0.0,
1024,2019-08-29,14.97,15.25,14.88,15.17,15.17,1035800,0.0,
1025,2019-08-30,15.27,15.39,15.04,15.33,15.33,1780600,0.0,
1026,2019-09-03,15.31,15.56,14.675,14.79,14.79,1546100,0.0,
1027,2019-09-04,15.08,15.41,14.9,15.33,15.33,1141800,0.0,
1028,2019-09-05,15.51,15.8,15.235,15.3,15.3,1253300,0.0,
1029,2019-09-06,15.3,15.452,14.98,15.03,15.03,813200,0.0,
1030,2019-09-09,15.05,15.365,14.8,14.95,14.95,1777900,0.0,
1031,2019-09-10,14.96,15.141,14.62,14.93,14.93,1567200,0.0,
1032,2019-09-11,14.93,15.68,14.92,15.64,15.64,1536200,0.0,
1033,2019-09-12,15.79,15.93,15.41,15.83,15.83,1165500,0.0,
1034,2019-09-13,15.9,16.15,15.75,15.96,15.96,1305100,0.0,
1035,2019-09-16,15.96,16.639999,15.92,16.459999,16.459999,2313100,0.0,
1036,2019-09-17,16.530001000000002,17.530001000000002,16.4,17.48,17.48,2262400,0.0,
1037,2019-09-18,17.48,17.57,17.1,17.370001000000002,17.370001000000002,1749300,0.0,
1038,2019-09-19,17.33,17.695,17.33,17.459999,17.459999,1287800,0.0,
1039,2019-09-20,17.43,17.625,17.16,17.299999,17.299999,2310800,0.0,
1040,2019-09-23,17.219998999999998,17.67,17.0,17.540001,17.540001,1488000,0.0,
1041,2019-09-24,17.51,17.629998999999998,16.5,16.68,16.68,3110800,0.0,
1042,2019-09-25,16.799999,17.01,16.33,16.93,16.93,1775500,0.0,
1043,2019-09-26,16.91,17.700001,16.424999,16.639999,16.639999,4395800,0.0,
1044,2019-09-27,16.6,16.73,15.86,16.139999,16.139999,2164600,0.0,
1045,2019-09-30,16.209999,16.860001,15.93,16.705,16.705,1681800,0.0,
1046,2019-10-01,16.719998999999998,17.120001000000002,16.184998999999998,16.26,16.26,1333900,0.0,
1047,2019-10-02,15.99,16.0,15.445,15.5,15.5,1670800,0.0,
1048,2019-10-03,15.52,15.78,15.02,15.77,15.77,1121200,0.0,
1049,2019-10-04,15.98,16.24,15.63,16.219998999999998,16.219998999999998,1083300,0.0,
1050,2019-10-07,16.16,16.673,15.91,16.52,16.52,2281200,0.0,
1051,2019-10-08,16.27,16.74,16.183001,16.549999,16.549999,1997600,0.0,
1052,2019-10-09,16.780001000000002,16.889999,16.49,16.684998999999998,16.684998999999998,1039500,0.0,
1053,2019-10-10,16.690001000000002,17.18,16.67,16.940001000000002,16.940001000000002,1060300,0.0,
1054,2019-10-11,17.360001,17.950001,17.309998999999998,17.51,17.51,1635700,0.0,
1055,2019-10-14,17.469998999999998,17.549999,17.08,17.209999,17.209999,808300,0.0,
1056,2019-10-15,17.16,17.368999,17.0,17.215,17.215,876700,0.0,
1057,2019-10-16,17.0,17.35,16.83,16.934998999999998,16.934998999999998,1124900,0.0,
1058,2019-10-17,17.059998999999998,17.26,16.639999,16.77,16.77,812600,0.0,
1059,2019-10-18,16.700001,17.290001,16.57,17.0,17.0,1602300,0.0,
1060,2019-10-21,17.16,17.34,16.75,17.049999,17.049999,1204000,0.0,
1061,2019-10-22,17.0,17.0,15.25,15.26,15.26,2258900,0.0,
1062,2019-10-23,15.31,16.0,15.25,15.93,15.93,2001400,0.0,
1063,2019-10-24,16.059998999999998,16.059998999999998,15.34,15.67,15.67,1191500,0.0,
1064,2019-10-25,15.58,15.76,15.096,15.24,15.24,1256600,0.0,
1065,2019-10-28,15.43,16.07,15.4,15.86,15.86,1335600,0.0,
1066,2019-10-29,15.78,16.145,15.54,15.97,15.97,1229700,0.0,
1067,2019-10-30,15.95,15.98,15.45,15.86,15.86,959500,0.0,
1068,2019-10-31,15.87,16.1,15.3,15.54,15.54,1095100,0.0,
1069,2019-11-01,15.63,15.83,15.5,15.59,15.59,950700,0.0,
1070,2019-11-04,15.8,15.94,14.88,14.915,14.915,1749400,0.0,
1071,2019-11-05,14.97,15.14,14.46,14.95,14.95,1650300,0.0,
1072,2019-11-06,14.93,15.355,14.73,14.85,14.85,1169100,0.0,
1073,2019-11-07,14.96,15.26,14.73,14.77,14.77,2359000,0.0,
1074,2019-11-08,14.76,15.08,14.7,14.74,14.74,1836200,0.0,
1075,2019-11-11,14.85,15.26,14.3,14.43,14.43,2087200,0.0,
1076,2019-11-12,14.44,14.7,14.13,14.485,14.485,2606600,0.0,
1077,2019-11-13,14.88,14.88,12.9,13.77,13.77,6213200,0.0,
1078,2019-11-14,13.88,14.48,13.88,14.4,14.4,3313400,0.0,
1079,2019-11-15,14.54,14.84,14.31,14.71,14.71,2724900,0.0,
1080,2019-11-18,14.64,14.71,14.25,14.44,14.44,1761200,0.0,
1081,2019-11-19,14.46,14.525,14.02,14.09,14.09,1645400,0.0,
1082,2019-11-20,14.05,14.05,13.47,13.54,13.54,2815000,0.0,
1083,2019-11-21,13.49,13.725,13.26,13.42,13.42,1445100,0.0,
1084,2019-11-22,13.47,13.63,13.41,13.49,13.49,1097600,0.0,
1085,2019-11-25,13.5,13.87,13.47,13.75,13.75,1103500,0.0,
1086,2019-11-26,13.74,13.895,13.641,13.79,13.79,1024600,0.0,
1087,2019-11-27,14.0,14.25,13.91,13.99,13.99,1280400,0.0,
1088,2019-11-29,13.81,14.09,13.8,13.88,13.88,717300,0.0,
1089,2019-12-02,13.89,13.955,13.5,13.55,13.55,937700,0.0,
1090,2019-12-03,13.4,13.551,13.1,13.51,13.51,1269400,0.0,
1091,2019-12-04,13.67,13.81,13.32,13.35,13.35,1088400,0.0,
1092,2019-12-05,13.43,13.58,13.2,13.21,13.21,1195000,0.0,
1093,2019-12-06,13.32,13.625,13.26,13.62,13.62,1552800,0.0,
1094,2019-12-09,13.52,13.74,13.26,13.31,13.31,1394200,0.0,
1095,2019-12-10,13.33,13.39,13.12,13.26,13.26,1603700,0.0,
1096,2019-12-11,13.28,13.57,13.155,13.19,13.19,1149800,0.0,
1097,2019-12-12,13.22,14.19,13.2,14.17,14.17,2404900,0.0,
1098,2019-12-13,14.03,14.34,13.8,13.94,13.94,2092500,0.0,
1099,2019-12-16,13.96,14.79,13.94,14.26,14.26,2687500,0.0,
1100,2019-12-17,14.35,14.63,14.187,14.29,14.29,2163800,0.0,
1101,2019-12-18,14.36,14.715,14.26,14.67,14.67,1789100,0.0,
1102,2019-12-19,14.55,14.87,14.46,14.79,14.79,1869700,0.0,
1103,2019-12-20,14.84,14.905,14.255,14.37,14.37,2274000,0.0,
1104,2019-12-23,14.5,14.52,14.18,14.4,14.4,1327600,0.0,
1105,2019-12-24,14.45,14.665,14.41,14.59,14.59,585000,0.0,
1106,2019-12-26,14.66,14.71,14.4,14.55,14.55,639200,0.0,
1107,2019-12-27,14.53,14.62,14.085,14.16,14.16,841100,0.0,
1108,2019-12-30,14.16,14.385,13.69,13.74,13.74,1541300,0.0,
1109,2019-12-31,13.73,13.89,13.59,13.81,13.81,1169300,0.0,
1110,2020-01-02,13.99,14.19,13.77,14.185,14.185,1144700,0.0,
1111,2020-01-03,14.0,14.515,13.77,14.37,14.37,1080500,0.0,
1112,2020-01-06,14.24,14.42,13.66,14.38,14.38,1456900,0.0,
1113,2020-01-07,14.37,14.71,14.27,14.7,14.7,966000,0.0,
1114,2020-01-08,14.67,14.78,14.46,14.64,14.64,1889800,0.0,
1115,2020-01-09,14.71,15.19,14.58,15.0,15.0,1530100,0.0,
1116,2020-01-10,15.15,15.179,14.8,14.91,14.91,1007700,0.0,
1117,2020-01-13,14.9,15.27,14.76,15.24,15.24,1512000,0.0,
1118,2020-01-14,15.1,15.55,15.059,15.27,15.27,1748100,0.0,
1119,2020-01-15,15.19,15.317,15.05,15.19,15.19,1167500,0.0,
1120,2020-01-16,15.71,16.625,15.65,16.6,16.6,3161300,0.0,
1121,2020-01-17,16.83,17.469998999999998,16.76,17.18,17.18,3455500,0.0,
1122,2020-01-21,17.209999,17.52,16.83,17.370001000000002,17.370001000000002,2041100,0.0,
1123,2020-01-22,17.51,17.540001,16.76,16.85,16.85,1640200,0.0,
1124,2020-01-23,16.67,17.07,16.385,16.955,16.955,1259200,0.0,
1125,2020-01-24,17.07,17.07,16.610001,16.790001,16.790001,1285000,0.0,
1126,2020-01-27,16.4,16.639999,16.200001,16.33,16.33,1033800,0.0,
1127,2020-01-28,16.48,16.98,16.305,16.959999,16.959999,942300,0.0,
1128,2020-01-29,17.08,17.1,16.809998999999998,16.950001,16.950001,878100,0.0,
1129,2020-01-30,17.9,17.93,17.33,17.48,17.48,7953100,0.0,
1130,2020-01-31,17.24,17.459999,16.879998999999998,17.030001000000002,17.030001000000002,3539800,0.0,
1131,2020-02-03,17.059998999999998,17.690001000000002,16.950001,17.540001,17.540001,18257600,0.0,
1132,2020-02-04,17.860001,18.32,17.68,18.25,18.25,3024100,0.0,
1133,2020-02-05,18.5,19.030001000000002,18.360001,18.99,18.99,3191000,0.0,
1134,2020-02-06,19.110001,19.434998999999998,18.85,19.129998999999998,19.129998999999998,2274300,0.0,
1135,2020-02-07,19.0,19.110001,18.82,18.950001,18.950001,1206100,0.0,
1136,2020-02-10,18.889999,20.0,18.889999,19.959999,19.959999,2357100,0.0,
1137,2020-02-11,20.0,20.620001000000002,19.719998999999998,20.129998999999998,20.129998999999998,3072700,0.0,
1138,2020-02-12,20.41,21.5,20.25,21.299999,21.299999,3770200,0.0,
1139,2020-02-13,20.99,21.5,20.73,21.299999,21.299999,2442100,0.0,
1140,2020-02-14,21.209999,21.565001000000002,20.91,21.42,21.42,2084200,0.0,
1141,2020-02-18,21.360001,22.379998999999998,21.34,21.77,21.77,4906900,0.0,
1142,2020-02-19,21.42,22.709999,21.059998999999998,22.48,22.48,4271500,0.0,
1143,2020-02-20,23.0,23.66,22.631001,23.4,23.4,4191800,0.0,
1144,2020-02-21,22.25,22.620001000000002,21.51,21.950001,21.950001,4803300,0.0,
1145,2020-02-24,20.75,22.32,19.25,22.129998999999998,22.129998999999998,3116100,0.0,
1146,2020-02-25,22.76,22.870001000000002,20.709999,20.799999,20.799999,3447900,0.0,
1147,2020-02-26,21.09,21.620001000000002,20.275,20.91,20.91,3162400,0.0,
1148,2020-02-27,20.17,21.059998999999998,19.15,20.27,20.27,3946500,0.0,
1149,2020-02-28,17.24,19.540001,16.25,19.34,19.34,4840200,0.0,
1150,2020-03-02,19.459999,19.559998999999998,18.34,19.360001,19.360001,3354200,0.0,
1151,2020-03-03,19.65,20.51,19.209999,19.514999,19.514999,2919900,0.0,
1152,2020-03-04,19.93,20.889999,19.809998999999998,20.799999,20.799999,1862100,0.0,
1153,2020-03-05,20.32,21.629998999999998,20.108,21.299999,21.299999,2724000,0.0,
1154,2020-03-06,20.68,21.030001000000002,19.690001000000002,20.219998999999998,20.219998999999998,2200900,0.0,
1155,2020-03-09,17.75,18.620001000000002,16.379998999999998,16.790001,16.790001,3431200,0.0,
1156,2020-03-10,17.809998999999998,17.809998999999998,15.95,16.719998999999998,16.719998999999998,3061100,0.0,
1157,2020-03-11,16.129998999999998,16.309998999999998,14.21,15.05,15.05,4237900,0.0,
1158,2020-03-12,13.71,13.75,11.615,11.68,11.68,5513000,0.0,
1159,2020-03-13,12.94,13.38,10.25,11.2,11.2,4773100,0.0,
1160,2020-03-16,9.84,10.72,8.355,9.49,9.49,5122800,0.0,
1161,2020-03-17,9.87,10.03,7.835,9.92,9.92,5752500,0.0,
1162,2020-03-18,9.03,9.32,8.035,8.9,8.9,4295800,0.0,
1163,2020-03-19,8.8,9.56,8.5,9.11,9.11,3778100,0.0,
1164,2020-03-20,9.34,10.025,8.22,8.36,8.36,3934500,0.0,
1165,2020-03-23,8.43,9.25,7.835,9.02,9.02,3184800,0.0,
1166,2020-03-24,9.77,11.37,9.63,11.16,11.16,3398900,0.0,
1167,2020-03-25,11.9,13.57,10.8,12.16,12.16,4866500,0.0,
1168,2020-03-26,12.27,12.94,11.78,12.38,12.38,2514200,0.0,
1169,2020-03-27,11.72,11.79,10.12,10.22,10.22,2454800,0.0,
1170,2020-03-30,10.32,10.484,9.54,9.81,9.81,2053400,0.0,
1171,2020-03-31,9.81,10.548,9.51,10.1,10.1,2158300,0.0,
1172,2020-04-01,9.55,9.69,9.0,9.32,9.32,2179300,0.0,
1173,2020-04-02,9.4,10.05,8.93,9.8,9.8,2062600,0.0,
1174,2020-04-03,9.69,9.93,8.75,8.85,8.85,2264600,0.0,
1175,2020-04-06,9.47,10.07,9.39,9.98,9.98,2226700,0.0,
1176,2020-04-07,11.4,11.79,10.5,10.57,10.57,3078600,0.0,
1177,2020-04-08,10.83,11.58,10.53,11.47,11.47,2260800,0.0,
1178,2020-04-09,12.0,12.64,11.27,11.73,11.73,2662500,0.0,
1179,2020-04-13,11.62,11.819,11.0,11.1,11.1,1693000,0.0,
1180,2020-04-14,11.43,12.13,11.38,12.065,12.065,2213200,0.0,
1181,2020-04-15,11.49,11.87,11.08,11.46,11.46,2578300,0.0,
1182,2020-04-16,11.4,11.65,10.835,11.11,11.11,2436300,0.0,
1183,2020-04-17,11.72,11.92,11.34,11.87,11.87,1908200,0.0,
1184,2020-04-20,11.52,12.99,11.42,12.35,12.35,3303700,0.0,
1185,2020-04-21,11.91,12.31,11.76,12.01,12.01,2096400,0.0,
1186,2020-04-22,12.44,12.805,12.165,12.64,12.64,1694600,0.0,
1187,2020-04-23,12.75,13.5,12.75,13.11,13.11,2490000,0.0,
1188,2020-04-24,13.2,13.44,12.67,12.94,12.94,1677300,0.0,
1189,2020-04-27,13.13,13.63,13.1,13.52,13.52,1527700,0.0,
1190,2020-04-28,14.0,14.24,13.11,13.69,13.69,1869400,0.0,
1191,2020-04-29,14.15,14.87,14.03,14.8,14.8,2100800,0.0,
1192,2020-04-30,14.4,14.76,14.025,14.03,14.03,2195700,0.0,
1193,2020-05-01,13.39,13.71,12.6,12.96,12.96,2120100,0.0,
1194,2020-05-04,12.61,13.54,12.43,13.425,13.425,1667200,0.0,
1195,2020-05-05,13.82,13.99,12.931,13.25,13.25,2197000,0.0,
1196,2020-05-06,13.42,14.0,13.12,13.87,13.87,2256000,0.0,
1197,2020-05-07,13.97,14.29,13.48,13.81,13.81,2540100,0.0,
1198,2020-05-08,14.43,15.35,14.31,14.77,14.77,3356200,0.0,
1199,2020-05-11,14.57,15.065,14.348,14.56,14.56,2184200,0.0,
1200,2020-05-12,14.62,14.795,13.95,13.97,13.97,1407000,0.0,
1201,2020-05-13,13.79,14.0,13.005,13.54,13.54,2047900,0.0,
1202,2020-05-14,13.15,13.97,12.65,13.965,13.965,2879500,0.0,
1203,2020-05-15,13.89,14.21,13.59,14.07,14.07,1506900,0.0,
1204,2020-05-18,14.74,15.29,14.63,15.14,15.14,1784200,0.0,
1205,2020-05-19,15.0,15.97,14.99,15.51,15.51,2162500,0.0,
1206,2020-05-20,15.84,16.48,15.72,15.91,15.91,2096900,0.0,
1207,2020-05-21,15.91,16.264999,15.59,16.07,16.07,1605100,0.0,
1208,2020-05-22,16.18,16.235001,15.755,15.86,15.86,826200,0.0,
1209,2020-05-26,16.5,16.809998999999998,16.190001000000002,16.33,16.33,1300500,0.0,
1210,2020-05-27,16.77,16.924999,15.36,16.85,16.85,2280300,0.0,
1211,2020-05-28,17.0,17.135,16.32,16.43,16.43,1729700,0.0,
1212,2020-05-29,16.190001000000002,16.799999,15.99,16.700001,16.700001,1249500,0.0,
1213,2020-06-01,16.6,17.905001000000002,16.42,17.67,17.67,1887200,0.0,
1214,2020-06-02,17.959999,18.120001000000002,17.639999,17.940001000000002,17.940001000000002,1605800,0.0,
1215,2020-06-03,18.24,18.879998999999998,17.982,18.6,18.6,1289500,0.0,
1216,2020-06-04,18.629998999999998,18.84,18.030001000000002,18.285,18.285,1644700,0.0,
1217,2020-06-05,18.780001000000002,19.379998999999998,18.549999,18.690001000000002,18.690001000000002,1522200,0.0,
1218,2020-06-08,19.0,19.715,18.73,19.639999,19.639999,1440200,0.0,
1219,2020-06-09,19.139999,19.605,18.674999,19.33,19.33,1279400,0.0,
1220,2020-06-10,19.110001,19.219998999999998,18.540001,18.620001000000002,18.620001000000002,1024500,0.0,
1221,2020-06-11,16.9,17.709999,16.5,17.165001,17.165001,1659100,0.0,
1222,2020-06-12,17.93,18.26,17.299999,17.93,17.93,1071200,0.0,
1223,2020-06-15,17.549999,19.120001000000002,17.389999,18.99,18.99,1745800,0.0,
1224,2020-06-16,19.75,20.379998999999998,19.445,20.1,20.1,1985400,0.0,
1225,2020-06-17,20.16,20.16,19.18,19.290001,19.290001,1501400,0.0,
1226,2020-06-18,18.68,20.295,18.67,19.799999,19.799999,1501000,0.0,
1227,2020-06-19,19.969998999999998,20.665001,19.764999,19.895,19.895,2707100,0.0,
1228,2020-06-22,19.940001000000002,20.09,19.690001000000002,19.969998999999998,19.969998999999998,1151800,0.0,
1229,2020-06-23,20.27,20.379998999999998,19.700001,19.74,19.74,1089700,0.0,
1230,2020-06-24,19.5,19.9,18.950001,19.719998999999998,19.719998999999998,1466600,0.0,
1231,2020-06-25,19.528,20.049999,19.389999,19.879998999999998,19.879998999999998,1177000,0.0,
1232,2020-06-26,19.780001000000002,19.799999,18.427999,18.58,18.58,2316000,0.0,
1233,2020-06-29,18.83,19.6,18.465,19.52,19.52,1197200,0.0,
1234,2020-06-30,19.41,19.84,19.190001000000002,19.719998999999998,19.719998999999998,1416300,0.0,
1235,2020-07-01,19.719998999999998,20.118,19.530001000000002,19.84,19.84,1148300,0.0,
1236,2020-07-02,20.0,20.559998999999998,19.889999,20.0,20.0,1720600,0.0,
1237,2020-07-06,20.610001,21.695,20.530001000000002,21.34,21.34,1916900,0.0,
1238,2020-07-07,23.950001,27.59,23.459999,26.17,26.17,19802800,0.0,
1239,2020-07-08,26.76,28.400999,26.209999,28.27,28.27,9887400,0.0,
1240,2020-07-09,28.09,28.219998999999998,26.379998999999998,27.83,27.83,6301600,0.0,
1241,2020-07-10,27.280001000000002,28.91,27.15,28.885,28.885,3419900,0.0,
1242,2020-07-13,29.23,33.27,29.23,30.09,30.09,11160800,0.0,
1243,2020-07-14,29.200001,34.310001,28.290001,33.779999,33.779999,9602400,0.0,
1244,2020-07-15,34.700001,36.220001,34.18,35.814999,35.814999,8054900,0.0,
1245,2020-07-16,35.68,37.459998999999996,34.880001,36.650002,36.650002,7122700,0.0,
1246,2020-07-17,36.799999,37.09,34.889998999999996,36.810001,36.810001,5934100,0.0,
1247,2020-07-20,36.650002,39.830002,36.48,38.400002,38.400002,6143000,0.0,
1248,2020-07-21,38.919998,39.82,37.900002,38.98,38.98,4761400,0.0,
1249,2020-07-22,39.43,41.150002,38.650002,40.349998,40.349998,5334700,0.0,
1250,2020-07-23,40.737999,42.799999,40.240002000000004,42.459998999999996,42.459998999999996,6324500,0.0,
1251,2020-07-24,42.0,42.0,38.740002000000004,40.990002000000004,40.990002000000004,5182800,0.0,
1252,2020-07-27,41.439999,43.18,41.169998,42.5,42.5,4049900,0.0,
1253,2020-07-28,41.990002000000004,41.990002000000004,39.509997999999996,40.459998999999996,40.459998999999996,4317100,0.0,
1254,2020-07-29,39.060001,39.200001,35.939999,36.605,36.605,9539600,0.0,
1255,2020-07-30,37.509997999999996,38.189999,36.299999,36.669998,36.669998,4446300,0.0,
1256,2020-07-31,36.540001000000004,37.41,35.790001000000004,36.689999,36.689999,20112500,0.0,
1257,2020-08-03,37.18,40.099998,36.18,39.779999,39.779999,4222700,0.0,
1258,2020-08-04,40.099998,43.549999,39.290001000000004,43.540001000000004,43.540001000000004,5330300,0.0,
1259,2020-08-05,43.0,46.68,41.16,46.400002,46.400002,6911800,0.0,
1260,2020-08-06,46.400002,48.299999,45.119999,46.529999,46.529999,4580100,0.0,
1261,2020-08-07,46.27,48.169998,44.419998,46.0,46.0,3672900,0.0,
1262,2020-08-10,45.389998999999996,48.060001,45.310001,47.279999,47.279999,4000300,0.0,
1263,2020-08-11,47.75,47.849998,41.924999,42.369999,42.369999,5289400,0.0,
1264,2020-08-12,43.040001000000004,45.790001000000004,42.555,44.939999,44.939999,3710600,0.0,
1265,2020-08-13,45.169998,47.360001000000004,44.630001,46.73,46.73,3074200,0.0,
1266,2020-08-14,46.349998,47.849998,44.939999,45.630001,45.630001,2502500,0.0,
1267,2020-08-17,46.189999,49.419998,46.18,47.73,47.73,3106700,0.0,
1268,2020-08-18,47.84,48.125,44.650002,46.310001,46.310001,3594500,0.0,
1269,2020-08-19,46.48,49.099998,46.349998,48.139998999999996,48.139998999999996,5098200,0.0,
1270,2020-08-20,47.200001,47.810001,45.860001000000004,45.994999,45.994999,2536400,0.0,
1271,2020-08-21,46.27,48.490002000000004,46.02,48.23,48.23,3006600,0.0,
1272,2020-08-24,48.799999,51.200001,48.176998,51.0,51.0,4435800,0.0,
1273,2020-08-25,51.349998,51.869999,49.73,50.790001000000004,50.790001000000004,3664900,0.0,
1274,2020-08-26,51.299999,51.650002,49.419998,50.029999,50.029999,2815100,0.0,
1275,2020-08-27,50.41,52.779999,50.41,52.099998,52.099998,3446300,0.0,
1276,2020-08-28,52.669998,55.790001000000004,51.669998,55.509997999999996,55.509997999999996,3896100,0.0,
1277,2020-08-31,55.41,56.970001,54.82,56.555,56.555,4038000,0.0,
1278,2020-09-01,56.299999,58.470001,55.130001,58.27,58.27,3501100,0.0,
1279,2020-09-02,58.919998,59.0,54.68,57.075001,57.075001,3547300,0.0,
1280,2020-09-03,55.990002000000004,56.130001,50.040001000000004,51.150002,51.150002,4772900,0.0,
1281,2020-09-04,51.939999,52.48,42.610001000000004,49.224998,49.224998,7285200,0.0,
1282,2020-09-08,46.43,53.700001,46.43,51.889998999999996,51.889998999999996,5589900,0.0,
1283,2020-09-09,52.75,55.77,52.349998,55.240002000000004,55.240002000000004,4055900,0.0,
1284,2020-09-10,55.27,57.57,54.619999,56.189999,56.189999,3784900,0.0,
1285,2020-09-11,56.41,56.900002,54.549999,55.880001,55.880001,2418700,0.0,
1286,2020-09-14,56.330002,59.599998,55.689999,59.099998,59.099998,3475800,0.0,
1287,2020-09-15,59.02,61.349998,58.18,61.009997999999996,61.009997999999996,3475100,0.0,
1288,2020-09-16,61.900002,63.919998,61.549999,62.330002,62.330002,3506300,0.0,
1289,2020-09-17,60.0,60.68,58.16,59.52,59.52,3251600,0.0,
1290,2020-09-18,60.200001,63.25,59.650002,60.860001000000004,60.860001000000004,13029700,0.0,
1291,2020-09-21,58.650002,60.259997999999996,56.43,60.200001,60.200001,3597300,0.0,
1292,2020-09-22,60.5,62.830002,59.660999,62.799999,62.799999,2485600,0.0,
1293,2020-09-23,63.150002,65.529999,61.709998999999996,61.720001,61.720001,4107900,0.0,
1294,2020-09-24,60.169998,62.009997999999996,56.009997999999996,60.630001,60.630001,5256500,0.0,
1295,2020-09-25,60.650002,66.57,60.209998999999996,66.459999,66.459999,5747900,0.0,
1296,2020-09-28,67.889999,72.199997,66.779999,71.980003,71.980003,5693800,0.0,
1297,2020-09-29,72.889999,75.269997,71.360001,72.800003,72.800003,6070800,0.0,
